class_cbo,class_cboModified,class_fanin,class_fanout,class_wmc,class_dit,class_noc,class_rfc,class_lcom,class_lcom*,class_tcc,class_lcc,class_totalMethodsQty,class_staticMethodsQty,class_publicMethodsQty,class_privateMethodsQty,class_protectedMethodsQty,class_defaultMethodsQty,class_visibleMethodsQty,class_abstractMethodsQty,class_finalMethodsQty,class_synchronizedMethodsQty,class_totalFieldsQty,class_staticFieldsQty,class_publicFieldsQty,class_privateFieldsQty,class_protectedFieldsQty,class_defaultFieldsQty,class_finalFieldsQty,class_synchronizedFieldsQty,class_nosi,class_loc,class_returnQty,class_loopQty,class_comparisonsQty,class_tryCatchQty,class_parenthesizedExpsQty,class_stringLiteralsQty,class_numbersQty,class_assignmentsQty,class_mathOperationsQty,class_variablesQty,class_maxNestedBlocksQty,class_anonymousClassesQty,class_innerClassesQty,class_lambdasQty,class_uniqueWordsQty,class_modifiers,class_logStatementsQty,field_usage,method_constructor,method_line,method_cbo,method_cboModified,method_fanin,method_fanout,method_wmc,method_rfc,method_loc,method_returnsQty,method_variablesQty,method_parametersQty,method_methodsInvokedQty,method_methodsInvokedLocalQty,method_methodsInvokedIndirectLocalQty,method_loopQty,method_comparisonsQty,method_tryCatchQty,method_parenthesizedExpsQty,method_stringLiteralsQty,method_numbersQty,method_assignmentsQty,method_mathOperationsQty,method_maxNestedBlocksQty,method_anonymousClassesQty,method_innerClassesQty,method_lambdasQty,method_uniqueWordsQty,method_modifiers,method_logStatementsQty,method_hasJavaDoc,variable_usage,label,project_name
9.0,10.0,1.0,9.0,19.0,2.0,0.0,53.0,11.0,0.7857143,0.6666667,1.0,7.0,0.0,1.0,3.0,3.0,0.0,4.0,0.0,0.0,0.0,8.0,4.0,0.0,8.0,0.0,0.0,4.0,0.0,4.0,94.0,2.0,0.0,6.0,1.0,5.0,9.0,3.0,17.0,5.0,18.0,2.0,0.0,0.0,1.0,120.0,1.0,0.0,1.5833333333333333,0.0,124.85714285714286,1.0,0.5714285714285714,0.2857142857142857,0.2857142857142857,2.7142857142857144,8.571428571428571,12.0,0.2857142857142857,1.4285714285714286,0.5714285714285714,8.571428571428571,0.2857142857142857,0.14285714285714285,0.0,0.8571428571428571,0.14285714285714285,0.7142857142857143,1.0,0.14285714285714285,1.8571428571428572,0.7142857142857143,0.5714285714285714,0.0,0.0,0.14285714285714285,19.0,2.7142857142857144,0.0,0.42857142857142855,1.8666666666666667,NONE,2048-android-master
7.733333333333333,11.146666666666667,3.4133333333333336,7.733333333333333,6.72,1.6133333333333333,0.18666666666666668,10.56,10.026666666666667,0.33547831493333335,0.18261474215999998,0.2444317016,4.386666666666667,0.18666666666666668,2.8533333333333335,0.32,0.32,0.8933333333333333,4.08,0.05333333333333334,0.013333333333333334,0.0,2.493333333333333,0.13333333333333333,0.05333333333333334,1.4,0.0,1.04,0.9733333333333334,0.0,1.1466666666666667,32.25333333333333,2.3333333333333335,0.32,0.9866666666666667,0.013333333333333334,0.17333333333333334,0.8666666666666667,3.973333333333333,4.053333333333334,0.8666666666666667,4.866666666666666,0.5466666666666666,0.18666666666666668,0.10666666666666667,0.38666666666666666,27.613333333333333,69.44,0.0,2.0659025787965617,0.09393939393939393,87.86060606060606,2.2151515151515153,2.303030303030303,1.0545454545454545,1.2484848484848485,1.5272727272727273,2.918181818181818,6.069696969696969,0.5303030303030303,0.5393939393939394,1.0818181818181818,2.918181818181818,0.18181818181818182,0.21818181818181817,0.07272727272727272,0.22424242424242424,0.0030303030303030303,0.03939393939393939,0.1787878787878788,0.4090909090909091,0.8484848484848485,0.14545454545454545,0.33636363636363636,0.04242424242424243,0.0,0.08787878787878788,8.042424242424243,13.909090909090908,0.0,0.02727272727272727,1.8521256931608132,MVC,ANNO1404-Warenrechner-App-master
6.3,7.533333333333333,1.2333333333333334,6.3,16.5,1.5,0.06666666666666667,20.5,19.366666666666667,0.274035174,0.234277276,0.3218331073333333,6.066666666666666,0.36666666666666664,3.3,1.3333333333333333,1.2333333333333334,0.2,4.766666666666667,0.0,0.0,0.0,5.066666666666666,2.5,0.6666666666666666,3.6666666666666665,0.6333333333333333,0.1,3.1666666666666665,0.0,3.8333333333333335,105.23333333333333,3.7333333333333334,1.5,3.6333333333333333,0.3333333333333333,1.0,7.533333333333333,13.033333333333333,20.433333333333334,4.0,16.4,1.2666666666666666,0.43333333333333335,0.2,0.0,56.7,0.7666666666666667,0.0,1.821826280623608,0.04918032786885246,404.7049180327869,1.8415300546448088,2.1748633879781423,1.0327868852459017,1.1420765027322404,2.7049180327868854,5.202185792349726,13.398907103825136,0.6120218579234973,1.7377049180327868,1.1912568306010929,5.202185792349726,0.40437158469945356,0.6775956284153005,0.2459016393442623,0.5956284153005464,0.0546448087431694,0.16393442622950818,0.912568306010929,1.8032786885245902,2.721311475409836,0.639344262295082,0.8415300546448088,0.07103825136612021,0.0,0.0,15.306010928961749,2.3114754098360657,0.0,0.14207650273224043,2.526315789473684,MVC,ATimeTracker-master
6.8901098901098905,9.489010989010989,2.598901098901099,6.8901098901098905,9.087912087912088,1.521978021978022,0.08791208791208792,13.307692307692308,13.538461538461538,0.3096858642307692,0.20665729884615386,0.24581878186813186,4.93956043956044,0.8406593406593407,2.5824175824175826,1.335164835164835,0.24175824175824176,0.7802197802197802,3.620879120879121,0.08791208791208792,0.0,0.0,2.2252747252747254,0.8406593406593407,0.21978021978021978,1.6923076923076923,0.07142857142857142,0.24175824175824176,1.664835164835165,0.0,2.3626373626373627,45.93956043956044,2.7857142857142856,0.3241758241758242,1.4230769230769231,0.510989010989011,0.24175824175824176,4.434065934065934,2.2637362637362637,7.802197802197802,0.8076923076923077,7.813186813186813,1.0769230769230769,0.13736263736263737,0.09340659340659341,0.7802197802197802,55.082417582417584,36.489010989010985,0.0,1.6789413118527043,0.09866962305986696,99.16297117516629,2.1197339246119733,2.3015521064301554,1.123059866962306,1.1784922394678492,1.8337028824833703,3.47450110864745,7.870288248337029,0.5620842572062085,1.1274944567627494,0.7904656319290465,3.47450110864745,0.30598669623059865,0.25388026607538805,0.06541019955654102,0.28713968957871394,0.10310421286031042,0.04878048780487805,0.7549889135254989,0.39135254988913526,1.3924611973392462,0.1607538802660754,0.49223946784922396,0.015521064301552107,0.0,0.1574279379157428,14.134146341463415,166.11529933481154,0.0,0.2749445676274945,1.992769744160178,MVVM,AdAway-master
5.029411764705882,7.5,2.4705882352941178,5.029411764705882,4.715686274509804,1.4607843137254901,0.17647058823529413,5.931372549019608,7.666666666666667,0.23659150490196076,0.2829674435882352,0.2879394323137255,3.8627450980392157,0.0392156862745098,2.5392156862745097,0.5,0.24509803921568626,0.5784313725490197,3.3627450980392157,0.00980392156862745,0.0,0.0196078431372549,1.7745098039215685,0.3137254901960784,0.0392156862745098,1.5098039215686274,0.0,0.22549019607843138,0.7254901960784313,0.0,0.1568627450980392,22.980392156862745,0.9803921568627451,0.049019607843137254,0.47058823529411764,0.08823529411764706,0.13725490196078433,1.196078431372549,0.4411764705882353,2.764705882352941,0.30392156862745096,3.0588235294117645,0.37254901960784315,0.08823529411764706,0.12745098039215685,0.058823529411764705,29.647058823529413,41.990196078431374,0.0,1.4973118279569892,0.13959390862944163,72.31218274111676,1.467005076142132,1.6598984771573604,0.7969543147208121,0.8629441624365483,1.218274111675127,1.784263959390863,4.456852791878172,0.25380710659898476,0.3299492385786802,0.5532994923857868,1.784263959390863,0.1700507614213198,0.12690355329949238,0.012690355329949238,0.11928934010152284,0.02284263959390863,0.03553299492385787,0.19035532994923857,0.06598984771573604,0.5964467005076142,0.06345177664974619,0.1802030456852792,0.017766497461928935,0.0,0.012690355329949238,8.862944162436548,4.0126903553299496,0.0,0.2182741116751269,1.6481994459833795,MVP,Android-CleanArchitecture-master-master
5.714285714285714,7.4,1.6857142857142857,5.714285714285714,10.442857142857143,1.4428571428571428,0.0,13.157142857142857,13.242857142857142,0.3092851707142857,0.10428521647142858,0.1392479724,4.957142857142857,0.3,3.857142857142857,0.6285714285714286,0.38571428571428573,0.08571428571428572,4.328571428571428,0.18571428571428572,0.05714285714285714,0.0,3.6,1.0142857142857142,0.35714285714285715,2.0428571428571427,0.7571428571428571,0.44285714285714284,0.9857142857142858,0.0,1.0571428571428572,53.785714285714285,2.5285714285714285,0.4142857142857143,2.4571428571428573,0.22857142857142856,0.8428571428571429,4.742857142857143,3.8,11.185714285714285,2.414285714285714,8.714285714285714,1.1857142857142857,0.35714285714285715,0.17142857142857143,0.0,37.1,74.41428571428571,0.0,1.7067796610169492,0.08357348703170028,149.94524495677234,1.7896253602305476,1.9337175792507204,0.9279538904899135,1.005763688760807,2.106628242074928,3.2997118155619596,8.723342939481268,0.5100864553314121,1.031700288184438,1.239193083573487,3.2997118155619596,0.3256484149855908,0.3025936599423631,0.08357348703170028,0.4956772334293948,0.04610951008645533,0.17002881844380405,0.69164265129683,0.6340057636887608,1.8904899135446687,0.47262247838616717,0.6023054755043228,0.07204610951008646,0.0,0.0,12.587896253602306,40.37463976945245,0.0,0.08069164265129683,1.9318463444857497,MVC,Android-MGKEapp-master
4.948717948717949,7.461538461538462,2.5128205128205128,4.948717948717949,4.076923076923077,1.2820512820512822,0.0,4.17948717948718,2.948717948717949,0.23053775025641024,0.21942502000000003,0.23690753769230766,3.58974358974359,0.2564102564102564,2.358974358974359,0.5128205128205128,0.20512820512820512,0.5128205128205128,3.076923076923077,0.05128205128205128,0.0,0.02564102564102564,1.358974358974359,0.3076923076923077,0.02564102564102564,0.9743589743589743,0.05128205128205128,0.3076923076923077,0.2564102564102564,0.0,0.358974358974359,20.58974358974359,0.7435897435897436,0.05128205128205128,0.358974358974359,0.0,0.0,0.5128205128205128,0.1794871794871795,1.641025641025641,0.0,1.8717948717948718,0.3076923076923077,0.1794871794871795,0.10256410256410256,0.0,18.28205128205128,79.61538461538461,0.0,1.5625,0.1,51.7,1.5142857142857142,1.8071428571428572,0.8142857142857143,0.9928571428571429,1.1357142857142857,1.7357142857142858,4.328571428571428,0.20714285714285716,0.14285714285714285,0.5714285714285714,1.7357142857142858,0.17857142857142858,0.1,0.014285714285714285,0.1,0.0,0.0,0.06428571428571428,0.04285714285714286,0.42142857142857143,0.0,0.12142857142857143,0.04285714285714286,0.0,0.0,6.95,16.6,0.0,0.02857142857142857,1.2574257425742574,MVP,Android-MVP-Architecture-master
3.76,5.28,1.52,3.76,2.88,1.44,0.04,2.72,1.2,0.08600000440000001,0.21866666719999997,0.21866666719999997,2.44,0.16,1.52,0.08,0.08,0.76,2.36,0.0,0.0,0.0,0.64,0.16,0.04,0.44,0.04,0.12,0.36,0.0,0.08,11.24,0.6,0.0,0.28,0.0,0.0,0.44,0.12,0.88,0.12,0.88,0.16,0.08,0.04,0.0,15.76,43.4,0.0,1.1470588235294117,0.14754098360655737,41.50819672131148,1.3934426229508197,0.9016393442622951,0.3442622950819672,0.5573770491803278,1.180327868852459,1.2295081967213115,3.442622950819672,0.2459016393442623,0.09836065573770492,0.5245901639344263,1.2295081967213115,0.01639344262295082,0.01639344262295082,0.0,0.11475409836065574,0.0,0.0,0.11475409836065574,0.04918032786885246,0.29508196721311475,0.03278688524590164,0.09836065573770492,0.03278688524590164,0.0,0.0,4.770491803278689,1.3442622950819672,0.0,0.0,1.0789473684210527,MVP,Android-MVP-Sample-Application-master
4.0,5.914893617021277,1.9148936170212767,4.0,3.297872340425532,1.297872340425532,0.0425531914893617,3.1702127659574466,2.978723404255319,0.18793712361702125,0.15051426289361702,0.17372509268085107,2.872340425531915,0.2127659574468085,1.9361702127659575,0.3617021276595745,0.2127659574468085,0.3617021276595745,2.5106382978723403,0.06382978723404255,0.0,0.02127659574468085,0.9787234042553191,0.23404255319148937,0.02127659574468085,0.8936170212765957,0.0425531914893617,0.02127659574468085,0.5106382978723404,0.0,0.2553191489361702,17.23404255319149,0.851063829787234,0.06382978723404255,0.23404255319148937,0.0,0.0,0.40425531914893614,0.0851063829787234,1.5957446808510638,0.0,1.425531914893617,0.3404255319148936,0.3191489361702128,0.1276595744680851,0.0,14.340425531914894,65.65957446808511,0.0,1.8617021276595744,0.1037037037037037,46.45185185185185,1.5037037037037038,1.525925925925926,0.6444444444444445,0.8814814814814815,1.1481481481481481,1.1777777777777778,4.481481481481482,0.2962962962962963,0.15555555555555556,0.7111111111111111,1.1777777777777778,0.06666666666666667,0.044444444444444446,0.022222222222222223,0.08148148148148149,0.0,0.0,0.05925925925925926,0.022222222222222223,0.4740740740740741,0.0,0.14074074074074075,0.1037037037037037,0.0,0.0,6.014814814814815,24.807407407407407,0.0,0.02962962962962963,1.3025210084033614,MVVM,Android-MVVM-Architecture-master
5.550724637681159,7.2898550724637685,1.7391304347826086,5.550724637681159,13.55072463768116,1.3623188405797102,0.0,14.115942028985508,16.463768115942027,0.23217013362318842,0.05147743763768116,0.0951927195652174,5.101449275362318,1.0579710144927537,3.6956521739130435,1.0434782608695652,0.3333333333333333,0.028985507246376812,4.057971014492754,0.0,0.36231884057971014,0.0,2.869565217391304,1.0869565217391304,0.6231884057971014,2.2318840579710146,0.0,0.014492753623188406,1.681159420289855,0.0,2.9565217391304346,60.08695652173913,3.652173913043478,0.7101449275362319,3.391304347826087,0.2898550724637681,1.0434782608695652,4.217391304347826,2.550724637681159,9.507246376811594,1.2173913043478262,7.260869565217392,1.2753623188405796,0.36231884057971014,0.17391304347826086,0.0,36.20289855072464,1.2463768115942029,0.043478260869565216,1.6024844720496894,0.08522727272727272,180.5625,1.8181818181818181,1.8806818181818181,0.8494318181818182,1.03125,2.65625,3.6505681818181817,10.553977272727273,0.7159090909090909,0.8494318181818182,1.4034090909090908,3.6505681818181817,0.4119318181818182,0.48579545454545453,0.13920454545454544,0.6647727272727273,0.056818181818181816,0.20454545454545456,0.6761363636363636,0.4005681818181818,1.6107954545454546,0.23863636363636365,0.7357954545454546,0.07102272727272728,0.0,0.0,13.170454545454545,4.190340909090909,0.008522727272727272,0.07954545454545454,2.2914147521160824,MVC,Android-PreferencesManager-master
6.935064935064935,8.236363636363636,1.3012987012987014,6.935064935064935,20.194805194805195,1.3376623376623376,0.02077922077922078,13.727272727272727,137.68051948051948,0.29695057498701294,0.04791189450779221,0.07645158876753247,10.615584415584415,1.6805194805194805,8.002597402597402,1.1714285714285715,0.45194805194805193,0.9896103896103896,9.537662337662338,0.02077922077922078,0.5402597402597402,0.0,3.8,1.3974025974025974,0.9558441558441558,2.6857142857142855,0.012987012987012988,0.14545454545454545,1.2727272727272727,0.0,2.277922077922078,164.0,8.802597402597403,0.3220779220779221,4.592207792207792,0.2987012987012987,4.646753246753247,2.5714285714285716,10.31948051948052,13.872727272727273,0.5532467532467532,7.251948051948052,1.1428571428571428,0.34285714285714286,0.3974025974025974,0.0,42.896103896103895,10.454545454545455,0.0,1.4881107917428795,0.059907834101382486,11537.917293233082,1.4123211253941306,1.740722774678632,0.7475139461557119,0.9932088285229203,1.8857627940819792,1.8190637885035168,6.893039049235993,0.8219742905651225,0.3223381033228232,0.5423235508125152,1.8190637885035168,0.27989328159107446,0.2602473926752365,0.03007518796992481,0.4288139704098957,0.027892311423720593,0.43366480717923844,0.21173902498180935,0.831675964103808,1.1283046325491146,0.05166141159349988,0.38103322823187,0.01746301236963376,0.0,0.0,9.677176813000242,5.254183846713558,0.0,0.38976473441668685,2.2177814029363785,MVC,Android-Remote-master
5.383986928104576,7.834967320261438,2.450980392156863,5.383986928104576,15.415032679738562,1.392156862745098,0.0915032679738562,14.697712418300654,59.55882352941177,0.21487693980392158,0.1019705461303268,0.128237206354183,5.578431372549019,0.7156862745098039,4.078431372549019,1.0277777777777777,0.37745098039215685,0.09477124183006536,4.553921568627451,0.032679738562091505,0.05228758169934641,0.08006535947712418,3.4052287581699345,1.2990196078431373,0.6323529411764706,2.4934640522875817,0.10130718954248366,0.1781045751633987,1.1470588235294117,0.0,3.746732026143791,81.2173202614379,4.062091503267974,1.1127450980392157,2.8513071895424837,0.9754901960784313,1.0735294117647058,8.784313725490197,8.97549019607843,14.47549019607843,3.570261437908497,10.277777777777779,1.2549019607843137,0.5016339869281046,0.15196078431372548,0.0,45.13562091503268,17.5,0.0,1.75,0.05884074941451991,567.7125292740047,1.9631147540983607,7.738583138173302,1.5717213114754098,6.166861826697892,2.761416861826698,3.8199648711943794,11.824941451990632,0.727751756440281,1.22980093676815,1.1835480093676816,3.8199648711943794,0.45638173302107726,0.6411007025761124,0.1993559718969555,0.5108313817330211,0.17476580796252927,0.19233021077283372,1.354215456674473,1.3035714285714286,2.2734192037470726,0.6349531615925058,0.7584894613583139,0.06762295081967214,0.0,0.0,15.17652224824356,9.00175644028103,0.0,0.303864168618267,2.654580586496931,NONE,Anki-Android-feature-multimedia-editor
5.115384615384615,6.357142857142857,1.2417582417582418,5.115384615384615,9.159340659340659,1.6153846153846154,0.08791208791208792,8.714285714285714,26.63186813186813,0.18897568752747254,-0.011469293269230768,0.01092416236263736,3.7142857142857144,0.1043956043956044,2.4285714285714284,0.6043956043956044,0.21428571428571427,0.46703296703296704,3.10989010989011,0.005494505494505495,0.21978021978021978,0.0,3.901098901098901,1.945054945054945,1.7142857142857142,1.8076923076923077,0.005494505494505495,0.37362637362637363,2.076923076923077,0.0,0.7967032967032966,48.505494505494504,1.7692307692307692,0.5164835164835165,2.2967032967032965,0.21428571428571427,0.8296703296703297,3.71978021978022,3.9835164835164836,10.945054945054945,2.4615384615384617,8.39010989010989,0.8076923076923077,0.2692307692307692,0.35714285714285715,0.13736263736263737,35.08791208791209,30.95054945054945,0.01098901098901099,2.0971585701191566,0.1242603550295858,421.8683431952663,1.878698224852071,1.9023668639053255,0.8224852071005917,1.0798816568047338,2.4659763313609466,3.1538461538461537,9.633136094674557,0.47633136094674555,1.1937869822485208,1.0754437869822486,3.1538461538461537,0.3757396449704142,0.7292899408284024,0.1390532544378698,0.6183431952662722,0.057692307692307696,0.22337278106508876,0.735207100591716,0.7914201183431953,2.3298816568047336,0.6627218934911243,0.6242603550295858,0.05621301775147929,0.0,0.03698224852071006,13.029585798816568,3.896449704142012,0.0029585798816568047,0.09319526627218935,2.342053629823414,MVC,AsteroidOSSync-master
4.03030303030303,4.787878787878788,0.7575757575757576,4.03030303030303,7.575757575757576,1.4545454545454546,0.0,8.454545454545455,10.666666666666666,0.21283268484848486,0.06960836484848484,0.1079350106060606,3.727272727272727,0.21212121212121213,2.878787878787879,0.7878787878787878,0.06060606060606061,0.0,2.9393939393939394,0.0,0.0,0.09090909090909091,3.1818181818181817,1.2424242424242424,0.21212121212121213,2.878787878787879,0.0,0.09090909090909091,1.0,0.0,1.0909090909090908,44.515151515151516,1.6666666666666667,0.3333333333333333,1.7575757575757576,0.18181818181818182,2.121212121212121,0.7272727272727273,6.545454545454546,10.93939393939394,5.0606060606060606,7.9393939393939394,0.696969696969697,0.3333333333333333,0.3939393939393939,0.0,25.09090909090909,1.7272727272727273,0.0,1.8846153846153846,0.13821138211382114,217.14634146341464,1.4065040650406504,1.6504065040650406,0.7804878048780488,0.8699186991869918,2.032520325203252,2.869918699186992,8.544715447154472,0.44715447154471544,1.2764227642276422,1.170731707317073,2.869918699186992,0.22764227642276422,0.2601626016260163,0.08943089430894309,0.4715447154471545,0.04878048780487805,0.5691056910569106,0.12195121951219512,1.2195121951219512,2.3495934959349594,1.2845528455284554,0.4065040650406504,0.016260162601626018,0.0,0.0,10.05691056910569,2.4959349593495936,0.0,0.0,2.37248322147651,NONE,AtmosphereLogger-master
4.142857142857143,5.714285714285714,1.5714285714285714,4.142857142857143,8.785714285714286,2.0714285714285716,0.0,8.714285714285714,10.0,0.21282468000000002,0.02857143214285714,0.057142858571428576,3.2142857142857144,0.21428571428571427,2.0714285714285716,0.7142857142857143,0.2857142857142857,0.14285714285714285,2.5,0.0,0.0,0.07142857142857142,2.357142857142857,0.21428571428571427,0.14285714285714285,1.5,0.0,0.7142857142857143,0.21428571428571427,0.0,1.3571428571428572,41.07142857142857,3.0714285714285716,0.7142857142857143,2.357142857142857,0.6428571428571429,0.2857142857142857,3.357142857142857,5.5,8.785714285714286,2.0,7.0,1.2142857142857142,0.14285714285714285,0.0,0.0,32.42857142857143,0.7142857142857143,0.0,2.013888888888889,0.08888888888888889,177.2888888888889,1.7777777777777777,2.488888888888889,0.8222222222222222,1.6666666666666667,2.7333333333333334,3.3333333333333335,11.444444444444445,0.9555555555555556,1.4,1.0888888888888888,3.3333333333333335,0.6,0.5333333333333333,0.2222222222222222,0.7333333333333333,0.2,0.08888888888888889,1.0,1.5333333333333334,2.466666666666667,0.6222222222222222,1.0222222222222221,0.044444444444444446,0.0,0.0,13.444444444444445,2.688888888888889,0.0,0.4222222222222222,2.1016949152542375,MVC,BAC76-master
4.368421052631579,5.105263157894737,0.7368421052631579,4.368421052631579,5.473684210526316,1.368421052631579,0.0,9.578947368421053,4.052631578947368,0.12807018421052632,0.07894736842105263,0.07894736842105263,2.3684210526315788,0.7368421052631579,1.4210526315789473,0.3684210526315789,0.10526315789473684,0.47368421052631576,2.0,0.0,0.0,0.0,0.8947368421052632,0.21052631578947367,0.0,0.21052631578947367,0.0,0.6842105263157895,0.10526315789473684,0.0,2.3684210526315788,40.94736842105263,1.4210526315789473,0.15789473684210525,0.3684210526315789,0.05263157894736842,0.15789473684210525,1.5263157894736843,4.052631578947368,5.315789473684211,0.5263157894736842,5.105263157894737,0.5263157894736842,0.631578947368421,0.10526315789473684,0.0,23.57894736842105,0.10526315789473684,0.0,2.2857142857142856,0.0,159.17777777777778,2.2222222222222223,1.511111111111111,0.5777777777777777,0.9333333333333333,2.311111111111111,4.688888888888889,12.266666666666667,0.6,1.1555555555555554,1.3333333333333333,4.688888888888889,0.26666666666666666,0.17777777777777778,0.06666666666666667,0.15555555555555556,0.022222222222222223,0.06666666666666667,0.6222222222222222,1.711111111111111,2.1777777777777776,0.2222222222222222,0.5333333333333333,0.24444444444444444,0.0,0.0,12.2,3.577777777777778,0.0,0.0,2.243478260869565,NONE,Battery-Live-master
5.947368421052632,7.526315789473684,1.5789473684210527,5.947368421052632,8.368421052631579,1.3157894736842106,0.0,12.947368421052632,10.263157894736842,0.18483308631578949,-0.0376898122105263,-0.0085876437894737,4.2105263157894735,1.2105263157894737,2.8421052631578947,1.105263157894737,0.2631578947368421,0.0,3.1052631578947367,0.0,0.0,0.0,2.8421052631578947,1.5263157894736843,1.368421052631579,1.4736842105263157,0.0,0.0,1.5263157894736843,0.0,3.736842105263158,44.0,1.7894736842105263,0.10526315789473684,1.4210526315789473,0.15789473684210525,0.2631578947368421,2.0,1.8421052631578947,9.789473684210526,0.3684210526315789,7.421052631578948,0.9473684210526315,0.3157894736842105,0.15789473684210525,0.0,27.736842105263158,7.157894736842105,0.0,1.435374149659864,0.1,90.8875,2.4125,2.55,1.225,1.325,1.9875,4.1625,8.9875,0.425,1.0875,1.025,4.1625,0.6125,0.275,0.025,0.3375,0.0375,0.0625,0.25,0.3625,1.875,0.0875,0.5,0.05,0.0,0.0,11.425,3.75,0.0,0.0,1.7861271676300579,NONE,BipolAlarm-master
4.729144095341279,6.600216684723727,1.8710725893824485,4.729144095341279,9.544962080173347,1.533044420368364,0.10184182015167931,8.736728060671723,19.083423618634885,0.20516103385698808,0.061457924308309854,0.08421340286193933,3.877573131094258,0.37703141928494044,2.905742145178765,0.5113759479956663,0.27085590465872156,0.18959913326110509,3.388949079089924,0.06067172264355363,0.04983748645720477,0.01950162513542795,2.42795232936078,1.0585048754062838,0.723726977248104,1.3835319609967498,0.06933911159263272,0.2513542795232936,1.0010834236186348,0.0,1.9165763813651138,52.187432286023835,2.202600216684724,0.4344528710725894,2.056338028169014,0.7031419284940412,0.5687973997833152,7.122426868905742,4.030335861321777,9.157096424702058,1.8699891657638137,6.568797399783315,0.9653304442036836,0.4517876489707476,0.28277356446370533,0.0032502708559046588,43.308775731310945,36.91765980498375,0.0,1.8229287537711767,0.08944444444444444,515.2097222222222,2.057777777777778,7.1161111111111115,1.3172222222222223,5.7988888888888885,2.4472222222222224,3.060277777777778,10.1325,0.5647222222222222,1.0605555555555555,1.211111111111111,3.060277777777778,0.31222222222222223,0.37277777777777776,0.11138888888888888,0.5272222222222223,0.1802777777777778,0.1425,1.5461111111111112,0.6919444444444445,1.9111111111111112,0.44333333333333336,0.7211111111111111,0.085,0.0,0.0008333333333333334,16.68888888888889,18.39388888888889,0.0,0.48583333333333334,2.149731997203449,MVC,Book-Catalogue-master
4.709677419354839,6.306451612903226,1.596774193548387,4.709677419354839,8.774193548387096,1.2580645161290323,0.11290322580645161,9.080645161290322,16.29032258064516,0.3441667581612903,-0.15753594017741934,-0.14343874840322582,4.661290322580645,0.45161290322580644,3.370967741935484,0.9032258064516129,0.2903225806451613,0.0967741935483871,3.7580645161290325,0.3387096774193548,0.0967741935483871,0.0,5.209677419354839,4.193548387096774,3.5161290322580645,1.596774193548387,0.08064516129032258,0.016129032258064516,4.451612903225806,0.0,1.3870967741935485,41.306451612903224,3.1129032258064515,0.2903225806451613,2.6451612903225805,0.1774193548387097,1.2096774193548387,12.129032258064516,3.0806451612903225,9.419354838709678,1.1451612903225807,8.516129032258064,0.8225806451612904,0.0,0.41935483870967744,0.0,78.08064516129032,55.935483870967744,0.0,1.5598591549295775,0.11418685121107267,190.56401384083046,1.6678200692041523,2.7335640138408306,1.3633217993079585,1.3702422145328719,1.8823529411764706,2.4740484429065743,5.833910034602076,0.6678200692041523,0.7093425605536332,0.9480968858131488,2.4740484429065743,0.44982698961937717,0.4809688581314879,0.06228373702422145,0.5674740484429066,0.03806228373702422,0.25951557093425603,0.5709342560553633,0.39100346020761245,1.0242214532871972,0.13494809688581316,0.43252595155709345,0.0,0.0,0.0,12.664359861591695,76.87543252595155,0.0,0.38408304498269896,1.9819639278557115,MVC,CalendarIcsAdapter-release-fdroid
6.0,6.4,0.4,6.0,9.6,1.2,0.0,15.0,3.2,0.28833332,0.08,0.12,3.4,0.0,2.0,1.0,0.4,0.0,2.4,0.0,0.0,0.0,2.2,1.0,0.0,2.2,0.0,0.0,1.0,0.0,0.0,51.6,2.8,0.2,1.8,0.0,0.0,3.2,2.4,7.6,0.2,6.2,1.6,0.6,0.2,0.0,31.0,0.0,0.0,1.4545454545454546,0.058823529411764705,148.94117647058823,2.0588235294117645,0.7647058823529411,0.35294117647058826,0.4117647058823529,2.823529411764706,4.764705882352941,12.764705882352942,0.8235294117647058,1.1764705882352942,0.7647058823529411,4.764705882352941,0.23529411764705882,0.11764705882352941,0.058823529411764705,0.5294117647058824,0.0,0.0,0.7647058823529411,0.5882352941176471,1.9411764705882353,0.058823529411764705,0.8823529411764706,0.17647058823529413,0.0,0.0,14.117647058823529,1.6470588235294117,0.0,0.0,2.1176470588235294,NONE,CopperPDF-master
4.739130434782608,5.739130434782608,1.0,4.739130434782608,8.130434782608695,1.4782608695652173,0.0,11.217391304347826,18.608695652173914,0.07643554956521739,0.07050839782608696,0.0921325056521739,2.8260869565217392,0.0,2.4347826086956523,0.2608695652173913,0.043478260869565216,0.08695652173913043,2.5652173913043477,0.0,0.0,0.0,3.4782608695652173,0.0,1.3043478260869565,1.5217391304347827,0.0,0.6521739130434783,0.21739130434782608,0.0,0.9565217391304348,53.47826086956522,0.782608695652174,0.43478260869565216,1.6521739130434783,0.391304347826087,1.6521739130434783,5.217391304347826,6.434782608695652,12.347826086956522,4.0,7.521739130434782,1.0869565217391304,0.6086956521739131,0.21739130434782608,0.0,28.47826086956522,1.2608695652173914,0.0,1.9763313609467457,0.015384615384615385,451.38461538461536,1.8307692307692307,2.0923076923076924,0.6615384615384615,1.4307692307692308,2.876923076923077,4.446153846153846,13.076923076923077,0.27692307692307694,1.3384615384615384,0.8,4.446153846153846,0.3230769230769231,0.46153846153846156,0.15384615384615385,0.5846153846153846,0.13846153846153847,0.5846153846153846,1.646153846153846,1.8923076923076922,3.230769230769231,1.4153846153846155,0.8923076923076924,0.046153846153846156,0.0,0.0,13.415384615384616,1.1076923076923078,0.0,0.015384615384615385,2.4178082191780823,NONE,CosyDVR-master
5.913793103448276,7.689655172413793,1.7758620689655173,5.913793103448276,5.5344827586206895,1.2758620689655173,0.017241379310344827,7.948275862068965,21.551724137931036,0.1869290648275862,0.1131754139137931,0.1414040790862069,4.120689655172414,0.39655172413793105,3.0517241379310347,0.39655172413793105,0.3620689655172414,0.3103448275862069,3.7413793103448274,0.1724137931034483,0.0,0.0,1.6896551724137931,0.1896551724137931,0.1206896551724138,1.3620689655172413,0.017241379310344827,0.1896551724137931,0.3620689655172414,0.0,0.7068965517241379,27.379310344827587,1.9655172413793103,0.06896551724137931,0.5862068965517241,0.08620689655172414,0.27586206896551724,0.9482758620689655,1.4137931034482758,4.172413793103448,0.7241379310344828,3.6551724137931036,0.4827586206896552,0.1724137931034483,0.08620689655172414,0.2413793103448276,21.120689655172413,106.6896551724138,0.0,1.6936936936936937,0.08333333333333333,92.67083333333333,1.7416666666666667,1.1791666666666667,0.55,0.6291666666666667,1.3375,2.175,5.370833333333334,0.475,0.475,0.875,2.175,0.2,0.2833333333333333,0.016666666666666666,0.14166666666666666,0.020833333333333332,0.06666666666666667,0.17083333333333334,0.31666666666666665,0.8583333333333333,0.175,0.20416666666666666,0.025,0.0,0.058333333333333334,7.279166666666667,44.7125,0.0,0.020833333333333332,1.6727272727272726,MVVM,Github-Trending-Repos-master
6.198675496688741,8.04635761589404,1.8476821192052981,6.198675496688741,5.19205298013245,1.218543046357616,0.0,6.119205298013245,5.947019867549669,0.19049456437086093,0.08295586082119204,0.10618770529801323,3.5364238410596025,0.40397350993377484,2.1258278145695364,0.36423841059602646,0.31125827814569534,0.7350993377483444,3.1788079470198674,0.24503311258278146,0.0,0.026490066225165563,1.9205298013245033,0.4370860927152318,0.6291390728476821,1.1390728476821192,0.0,0.152317880794702,0.7549668874172185,0.0,0.7814569536423841,23.47019867549669,1.6291390728476822,0.07947019867549669,1.0,0.06622516556291391,0.15894039735099338,2.0397350993377485,0.8145695364238411,2.847682119205298,0.271523178807947,3.337748344370861,0.5894039735099338,0.11920529801324503,0.033112582781456956,0.2582781456953642,22.662251655629138,43.05298013245033,0.013245033112582781,1.8126520681265206,0.11401869158878504,47.06728971962617,2.0635514018691588,0.7925233644859813,0.32897196261682243,0.4635514018691589,1.4654205607476636,2.013084112149533,5.418691588785046,0.45981308411214955,0.39626168224299063,0.9121495327102803,2.013084112149533,0.11775700934579439,0.14766355140186915,0.022429906542056073,0.2822429906542056,0.018691588785046728,0.044859813084112146,0.4485981308411215,0.19439252336448598,0.6429906542056075,0.07663551401869159,0.2672897196261682,0.03364485981308411,0.0,0.07102803738317758,7.897196261682243,73.14205607476636,0.003738317757009346,0.007476635514018692,1.6189111747851004,MVVM,IITP-Connect-development
5.490566037735849,7.981132075471698,2.490566037735849,5.490566037735849,7.566037735849057,1.5660377358490567,0.11320754716981132,5.3584905660377355,17.50943396226415,0.2603890954716981,0.19677391947169812,0.2499168860754717,6.169811320754717,0.1320754716981132,4.2075471698113205,0.11320754716981132,0.20754716981132076,1.6415094339622642,6.056603773584905,0.07547169811320754,0.0,0.018867924528301886,1.6603773584905661,0.37735849056603776,0.11320754716981132,1.2641509433962264,0.018867924528301886,0.2641509433962264,0.5094339622641509,0.0,0.09433962264150944,26.735849056603772,2.3962264150943398,0.03773584905660377,0.8867924528301887,0.03773584905660377,0.09433962264150944,1.4339622641509433,0.6037735849056604,2.830188679245283,0.2830188679245283,2.660377358490566,0.4339622641509434,0.018867924528301886,0.09433962264150944,0.1320754716981132,27.37735849056604,78.69811320754717,0.0,1.44,0.0672782874617737,61.09785932721712,1.1253822629969419,0.6880733944954128,0.3180428134556575,0.37003058103975534,1.2262996941896025,1.070336391437309,3.5198776758409784,0.38837920489296635,0.15902140672782875,0.6483180428134556,1.070336391437309,0.04281345565749235,0.039755351681957186,0.0061162079510703364,0.1437308868501529,0.0061162079510703364,0.01529051987767584,0.09174311926605505,0.07339449541284404,0.4036697247706422,0.045871559633027525,0.13761467889908258,0.0030581039755351682,0.0,0.021406727828746176,5.755351681957187,13.648318042813456,0.0,0.027522935779816515,1.263157894736842,MVP,MVP-Architect-Android-Apps-master
6.370967741935484,9.241935483870968,2.870967741935484,6.370967741935484,4.435483870967742,1.3387096774193548,0.0967741935483871,5.741935483870968,5.774193548387097,0.22537573193548383,0.09357766854838709,0.1236976191935484,3.693548387096774,0.06451612903225806,2.467741935483871,0.0,0.1774193548387097,1.0483870967741935,3.693548387096774,0.03225806451612903,0.0,0.0,1.3225806451612903,0.16129032258064516,0.25806451612903225,0.3387096774193548,0.0,0.7258064516129032,0.16129032258064516,0.0,0.0967741935483871,19.580645161290324,1.1935483870967742,0.0,0.3064516129032258,0.0,0.016129032258064516,0.8387096774193549,0.46774193548387094,1.435483870967742,0.20967741935483872,1.8387096774193548,0.24193548387096775,0.1774193548387097,0.03225806451612903,0.0,24.080645161290324,33.67741935483871,0.0,1.3006993006993006,0.08296943231441048,60.21834061135371,1.720524017467249,1.2008733624454149,0.45414847161572053,0.7467248908296943,1.2008733624454149,1.7510917030567685,4.262008733624454,0.3231441048034934,0.13973799126637554,0.7336244541484717,1.7510917030567685,0.021834061135371178,0.021834061135371178,0.0,0.08296943231441048,0.0,0.004366812227074236,0.14847161572052403,0.1222707423580786,0.3056768558951965,0.056768558951965066,0.1091703056768559,0.034934497816593885,0.0,0.0,6.301310043668122,9.943231441048034,0.0,0.0,1.15,MVP,MVPandroid-master
5.37037037037037,7.222222222222222,1.8518518518518519,5.37037037037037,3.814814814814815,1.5925925925925926,0.07407407407407407,4.2592592592592595,2.888888888888889,0.24935666555555558,0.22967773333333333,0.312169314074074,3.5185185185185186,0.037037037037037035,2.259259259259259,0.14814814814814814,0.25925925925925924,0.8518518518518519,3.3703703703703702,0.14814814814814814,0.0,0.0,1.4814814814814814,0.037037037037037035,0.0,0.9259259259259259,0.07407407407407407,0.48148148148148145,0.2962962962962963,0.0,0.0,17.40740740740741,1.4074074074074074,0.0,0.2222222222222222,0.0,0.18518518518518517,1.0,0.2222222222222222,1.6666666666666667,0.14814814814814814,2.074074074074074,0.25925925925925924,0.0,0.1111111111111111,0.2962962962962963,15.25925925925926,190.5185185185185,0.0,1.75,0.12631578947368421,37.90526315789474,1.5789473684210527,0.8210526315789474,0.4,0.42105263157894735,1.0842105263157895,1.4,3.5473684210526315,0.4,0.16842105263157894,0.7157894736842105,1.4,0.021052631578947368,0.021052631578947368,0.0,0.06315789473684211,0.0,0.05263157894736842,0.16842105263157894,0.06315789473684211,0.42105263157894735,0.042105263157894736,0.09473684210526316,0.0,0.0,0.08421052631578947,5.136842105263158,44.22105263157895,0.0,0.0,1.4761904761904763,MVVM,MVVM-Dagger-master
4.2025257249766135,6.791393826005613,2.588868101028999,4.2025257249766135,26.587932647333957,2.0271281571562207,0.2806361085126286,12.818521983161833,78.85079513564078,0.33988314727081387,0.13178723583078578,0.16516684554229186,6.924695977549112,1.20533208606174,4.71889616463985,1.1314312441534145,0.3638914873713751,0.7104770813844715,5.831150608044902,0.13096351730589337,0.37652011225444343,0.05893358278765201,4.970065481758653,2.948550046772685,1.2202993451824136,2.2722170252572496,0.1529466791393826,1.324602432179607,2.7909260991580918,0.0,6.5650140318054255,121.12488306828811,5.88821328344247,2.738072965388213,7.180542563143124,0.9761459307764265,6.387745556594949,34.86061739943873,38.660430308699716,30.498596819457436,9.027595884003741,18.957904583723106,1.5968194574368568,0.1216089803554724,0.44200187090739007,0.0,72.95229186155285,61.50420954162769,0.0009354536950420954,1.9269724198826157,0.09767566841327421,699.5948542254467,1.6277710600564288,4.952237001209189,1.9803842536611582,2.9718527475480316,3.818285637511756,3.0238479107886604,14.13764611043934,0.8456939406153433,1.9885798737068385,1.1708988311164852,3.0238479107886604,0.5209592906086256,0.8270858524788391,0.3932554077656859,1.0311702270589815,0.140198844551928,0.9065564960365444,3.7824801827220207,3.497044202606476,3.8767969904608357,1.204621792288056,0.9220072551390568,0.012830847776434234,0.003694746741905146,0.0,20.57920193470375,23.027744189171035,0.00013435442697836894,0.39130726857449954,3.634012422886943,MVC,QuickDic-Dictionary-master
4.0,4.25,0.25,4.0,2.5,1.25,0.0,5.75,1.5,0.1,0.0,0.0,2.0,0.0,1.5,0.25,0.25,0.0,1.75,0.0,0.0,0.0,1.25,0.0,0.0,1.25,0.0,0.0,0.0,0.0,0.0,23.25,0.0,0.0,0.0,0.0,0.25,0.5,0.25,2.25,0.25,1.75,0.5,0.75,0.0,0.0,14.5,-0.5,0.0,1.7777777777777777,0.0,68.5,2.375,0.5,0.25,0.25,1.25,3.0,10.0,0.0,0.25,1.75,3.0,0.0,0.0,0.0,0.0,0.0,0.125,0.25,0.125,1.0,0.125,0.25,0.375,0.0,0.0,10.25,1.5,0.0,0.0,0.8125,NONE,Todoer-master
4.364583333333333,5.270833333333333,0.90625,4.364583333333333,9.229166666666666,1.2916666666666667,0.0,8.239583333333334,0.4583333333333333,0.12944598193749998,0.09606823375,0.10270051229166666,2.2604166666666665,0.0,1.9791666666666667,0.020833333333333332,0.25,0.010416666666666666,2.2395833333333335,0.0,0.020833333333333332,0.0,5.510416666666667,3.0104166666666665,2.9583333333333335,0.6354166666666666,0.0,1.9166666666666667,3.3541666666666665,0.0,1.4895833333333333,62.041666666666664,0.8854166666666666,0.71875,0.4895833333333333,0.1875,0.13541666666666666,11.385416666666666,14.760416666666666,18.854166666666668,3.3125,11.052083333333334,0.71875,0.59375,0.08333333333333333,0.0,30.833333333333332,2.15625,0.0,3.189765458422175,0.04608294930875576,279.6774193548387,2.184331797235023,5.714285714285714,0.7465437788018433,4.967741935483871,4.082949308755761,5.105990783410138,22.691244239631338,0.391705069124424,2.4516129032258065,2.0276497695852536,5.105990783410138,0.11981566820276497,0.11059907834101383,0.31797235023041476,0.21658986175115208,0.08294930875576037,0.059907834101382486,4.953917050691245,5.276497695852535,6.903225806451613,1.456221198156682,0.8663594470046083,0.2626728110599078,0.0,0.0,15.059907834101383,1.4838709677419355,0.0,0.004608294930875576,2.6084275436793423,MVC,Zensuren-master
6.5,7.75,1.25,6.5,17.25,2.0,0.0,15.375,7.625,0.31663777,0.58712122125,0.706818175,5.125,0.0,3.625,1.25,0.125,0.125,3.875,0.0,0.0,1.0,9.375,0.625,5.125,3.0,0.0,1.25,2.5,0.0,4.875,111.5,1.875,0.625,4.875,1.125,18.125,15.125,18.5,20.375,12.875,13.75,2.125,0.125,0.375,0.0,62.375,2.125,0.0,1.6073298429319371,0.12195121951219512,304.1951219512195,1.7317073170731707,2.1951219512195124,1.0975609756097562,1.0975609756097562,3.3658536585365852,4.463414634146342,15.146341463414634,0.36585365853658536,0.8536585365853658,0.5853658536585366,4.463414634146342,0.4146341463414634,0.3902439024390244,0.12195121951219512,0.9512195121951219,0.21951219512195122,3.5365853658536586,2.7560975609756095,3.3902439024390243,3.5121951219512195,2.4878048780487805,1.1219512195121952,0.024390243902439025,0.0,0.0,16.829268292682926,7.536585365853658,0.0,0.12195121951219512,5.855072463768116,MVC,ZephyrLogger-master
5.252336448598131,7.355140186915888,2.102803738317757,5.252336448598131,9.242990654205608,1.6261682242990654,0.205607476635514,8.065420560747663,16.345794392523363,0.27860114271028036,0.11550973147663553,0.13679260216822428,4.934579439252336,0.037383177570093455,4.168224299065421,0.34579439252336447,0.102803738317757,0.3177570093457944,4.588785046728972,0.04672897196261682,0.0,0.037383177570093455,2.6542056074766354,0.6261682242990654,0.8317757009345794,1.411214953271028,0.1308411214953271,0.2803738317757009,0.6448598130841121,0.0,0.24299065420560748,49.06542056074766,2.2242990654205608,0.2897196261682243,1.560747663551402,0.4672897196261682,0.32710280373831774,4.4672897196261685,1.794392523364486,6.794392523364486,1.5327102803738317,4.420560747663552,0.9252336448598131,0.2336448598130841,0.21495327102803738,0.0,31.14018691588785,30.401869158878505,0.0,1.6295585412667946,0.07954545454545454,135.89772727272728,1.5132575757575757,1.7007575757575757,0.7689393939393939,0.9318181818181818,1.8731060606060606,2.090909090909091,7.130681818181818,0.45075757575757575,0.3560606060606061,0.9715909090909091,2.090909090909091,0.1893939393939394,0.25,0.058712121212121215,0.3162878787878788,0.0946969696969697,0.06628787878787878,0.7689393939393939,0.30113636363636365,1.0984848484848484,0.3106060606060606,0.4412878787878788,0.015151515151515152,0.0,0.0,8.617424242424242,11.068181818181818,0.0,0.02462121212121212,1.8274044795783926,NONE,amdroid-master
3.728395061728395,5.1234567901234565,1.3950617283950617,3.728395061728395,7.419753086419753,1.6666666666666667,0.12345679012345678,8.864197530864198,10.469135802469136,0.1912018349382716,-0.00376645890123457,0.006040675049382717,3.2222222222222223,0.7037037037037037,2.3950617283950617,0.37037037037037035,0.4567901234567901,0.0,2.8518518518518516,0.037037037037037035,0.04938271604938271,0.1728395061728395,2.271604938271605,1.0864197530864197,0.7654320987654321,1.4074074074074074,0.08641975308641975,0.012345679012345678,1.0864197530864197,0.0,2.2839506172839505,46.160493827160494,2.0617283950617282,0.2839506172839506,1.4691358024691359,0.4444444444444444,0.8765432098765432,2.9135802469135803,1.382716049382716,6.296296296296297,0.5432098765432098,4.271604938271605,1.0493827160493827,0.38271604938271603,0.19753086419753085,0.0,49.28395061728395,39.60493827160494,0.0,1.912751677852349,0.05747126436781609,462.367816091954,1.6513409961685823,2.2758620689655173,1.0114942528735633,1.264367816091954,2.3026819923371646,3.4559386973180075,9.846743295019158,0.6398467432950191,0.6206896551724138,1.0919540229885059,3.4559386973180075,0.48659003831417624,0.7854406130268199,0.08812260536398467,0.4559386973180077,0.13793103448275862,0.2720306513409962,0.7318007662835249,0.3486590038314176,1.4291187739463602,0.1685823754789272,0.632183908045977,0.10727969348659004,0.0,0.0,19.800766283524904,17.019157088122604,0.0,0.6551724137931034,1.9074074074074074,NONE,android-adbm-master
5.96969696969697,7.242424242424242,1.2727272727272727,5.96969696969697,19.87878787878788,1.5757575757575757,0.0,14.424242424242424,86.78787878787878,0.3271589021212121,0.06381724757575757,0.11577214000000001,7.484848484848484,0.7575757575757576,5.575757575757576,1.2727272727272727,0.48484848484848486,0.15151515151515152,6.212121212121212,0.0,1.1818181818181819,0.0,3.727272727272727,1.0606060606060606,0.030303030303030304,2.8181818181818183,0.0,0.8787878787878788,1.0909090909090908,0.0,2.090909090909091,102.36363636363636,8.818181818181818,0.9696969696969697,6.454545454545454,0.42424242424242425,1.9696969696969697,5.7272727272727275,11.181818181818182,17.696969696969695,5.03030303030303,12.090909090909092,1.4242424242424243,0.21212121212121213,0.2727272727272727,0.0,54.09090909090909,2.909090909090909,0.0,1.5337620578778135,0.048582995951417005,261.45344129554655,1.4210526315789473,1.805668016194332,0.8461538461538461,0.9595141700404858,2.6558704453441297,2.6315789473684212,9.603238866396762,1.1781376518218623,1.0647773279352226,1.0809716599190284,2.6315789473684212,0.4777327935222672,0.5465587044534413,0.12955465587044535,0.8623481781376519,0.05668016194331984,0.2631578947368421,0.6518218623481782,1.3400809716599191,2.133603238866397,0.6720647773279352,0.631578947368421,0.02834008097165992,0.0,0.0,12.31578947368421,4.680161943319838,0.0,0.14979757085020243,2.567219152854512,NONE,android-applications-info-master
4.128440366972477,5.477064220183486,1.348623853211009,4.128440366972477,8.46788990825688,1.3944954128440368,0.045871559633027525,7.862385321100917,14.715596330275229,0.21632183798165136,0.048384520963302736,0.09084422952293579,4.0,0.44954128440366975,3.385321100917431,0.11926605504587157,0.13761467889908258,0.3577981651376147,3.889908256880734,0.009174311926605505,0.045871559633027525,0.01834862385321101,2.779816513761468,0.6146788990825688,1.0458715596330275,0.5229357798165137,0.07339449541284404,1.1376146788990826,0.6422018348623854,0.0,0.963302752293578,51.48623853211009,1.8807339449541285,0.48623853211009177,1.8073394495412844,0.1926605504587156,1.1743119266055047,1.81651376146789,10.137614678899082,9.055045871559633,3.4403669724770642,6.36697247706422,0.9724770642201835,0.4954128440366973,0.22018348623853212,0.0,31.34862385321101,10.36697247706422,0.01834862385321101,1.9048442906574394,0.12814645308924486,283.279176201373,1.6864988558352403,2.9588100686498855,1.17162471395881,1.7871853546910754,2.1121281464530894,2.494279176201373,9.334096109839816,0.4691075514874142,0.8947368421052632,1.080091533180778,2.494279176201373,0.2768878718535469,0.3157894736842105,0.12128146453089245,0.45080091533180777,0.04805491990846682,0.2929061784897025,0.39588100686498856,2.446224256292906,2.0160183066361554,0.8398169336384439,0.5926773455377574,0.12128146453089245,0.0,0.0,12.196796338672769,4.610983981693364,0.004576659038901602,0.08924485125858124,2.338319907940161,MVC,android-binaural-beats-master
4.053333333333334,5.366666666666666,1.3133333333333332,4.053333333333334,5.126666666666667,1.3933333333333333,0.05333333333333334,6.066666666666666,9.62,0.15151336946666666,0.011865801626666663,0.030539656786666664,2.92,0.08666666666666667,2.486666666666667,0.29333333333333333,0.09333333333333334,0.04666666666666667,2.6333333333333333,0.04,0.0,0.0,1.8266666666666667,0.31333333333333335,0.74,0.9733333333333334,0.04666666666666667,0.06666666666666667,0.36,0.0,0.29333333333333333,30.613333333333333,1.04,0.15333333333333332,0.9733333333333334,0.21333333333333335,0.24666666666666667,1.5133333333333334,1.2333333333333334,3.9466666666666668,0.37333333333333335,3.36,0.6866666666666666,0.49333333333333335,0.21333333333333335,0.0,35.193333333333335,48.79333333333334,0.0,1.9820224719101123,0.1480637813211845,213.22095671981776,1.9407744874715263,2.562642369020501,0.835990888382688,1.7266514806378133,1.7517084282460136,2.5763097949886107,8.567198177676538,0.3553530751708428,0.5239179954441914,1.3302961275626424,2.5763097949886107,0.2984054669703872,0.33029612756264237,0.05239179954441914,0.3325740318906606,0.07289293849658314,0.08428246013667426,0.4054669703872437,0.37813211845102507,1.184510250569476,0.10933940774487472,0.4783599088838269,0.1662870159453303,0.004555808656036446,0.0,10.157175398633257,15.428246013667426,0.0,0.09339407744874716,1.715130023640662,MVC,android-client-master
5.473684210526316,6.421052631578948,0.9473684210526315,5.473684210526316,4.2105263157894735,1.631578947368421,0.0,9.578947368421053,0.2631578947368421,0.16676691736842106,0.2333333347368421,0.2719298263157895,2.3157894736842106,0.10526315789473684,1.736842105263158,0.47368421052631576,0.10526315789473684,0.0,1.8421052631578947,0.05263157894736842,0.0,0.0,1.8421052631578947,0.0,0.0,1.7894736842105263,0.0,0.05263157894736842,0.0,0.0,1.6842105263157894,27.789473684210527,1.0526315789473684,0.21052631578947367,0.42105263157894735,0.3157894736842105,0.631578947368421,1.0526315789473684,0.42105263157894735,3.4210526315789473,0.3684210526315789,3.1578947368421053,0.7894736842105263,0.2631578947368421,0.21052631578947367,0.0,21.526315789473685,55.8421052631579,0.0,1.7714285714285714,0.11363636363636363,45.95454545454545,2.3863636363636362,1.6590909090909092,0.7272727272727273,0.9318181818181818,1.8181818181818181,4.4772727272727275,9.136363636363637,0.45454545454545453,0.5681818181818182,1.1590909090909092,4.4772727272727275,0.13636363636363635,0.11363636363636363,0.09090909090909091,0.18181818181818182,0.13636363636363635,0.2727272727272727,0.45454545454545453,0.18181818181818182,1.4090909090909092,0.1590909090909091,0.4772727272727273,0.11363636363636363,0.0,0.0,10.568181818181818,24.977272727272727,0.0,0.0,1.9166666666666667,NONE,android-expr-eval-master
3.739130434782609,5.826086956521739,2.0869565217391304,3.739130434782609,2.391304347826087,1.3043478260869565,0.0,3.391304347826087,1.0,0.12952898695652174,0.10869565260869565,0.10869565260869565,2.217391304347826,0.17391304347826086,1.6521739130434783,0.0,0.13043478260869565,0.43478260869565216,2.217391304347826,0.0,0.0,0.0,0.6086956521739131,0.08695652173913043,0.08695652173913043,0.043478260869565216,0.0,0.4782608695652174,0.08695652173913043,0.0,0.2608695652173913,11.347826086956522,0.6086956521739131,0.0,0.043478260869565216,0.0,0.13043478260869565,0.391304347826087,0.13043478260869565,1.391304347826087,0.08695652173913043,1.391304347826087,0.08695652173913043,0.08695652173913043,0.0,0.0,18.08695652173913,0.8260869565217391,0.0,1.40625,0.11764705882352941,40.35294117647059,1.5294117647058822,1.4509803921568627,0.6274509803921569,0.8235294117647058,1.0784313725490196,1.6666666666666667,3.9411764705882355,0.27450980392156865,0.3333333333333333,0.43137254901960786,1.6666666666666667,0.0,0.0,0.0,0.0196078431372549,0.0,0.058823529411764705,0.13725490196078433,0.058823529411764705,0.5882352941176471,0.0392156862745098,0.0392156862745098,0.0392156862745098,0.0,0.0,6.7254901960784315,1.607843137254902,0.0,0.0,1.0256410256410255,MVP,android-mvp-basic-sample-master
5.701754385964913,8.12280701754386,2.4210526315789473,5.701754385964913,6.333333333333333,1.5087719298245614,0.08771929824561403,6.166666666666667,11.026315789473685,0.2215625999122807,0.17139463884210526,0.21524649814035088,4.701754385964913,0.30701754385964913,3.3947368421052633,0.2719298245614035,0.07894736842105263,0.956140350877193,4.4298245614035086,0.08771929824561403,0.0,0.0,1.5701754385964912,0.2719298245614035,0.4473684210526316,1.0087719298245614,0.017543859649122806,0.09649122807017543,0.5964912280701754,0.0,0.16666666666666666,26.99122807017544,2.6315789473684212,0.02631578947368421,1.1754385964912282,0.03508771929824561,0.2631578947368421,1.043859649122807,1.0526315789473684,2.6666666666666665,0.6491228070175439,3.0350877192982457,0.45614035087719296,0.07894736842105263,0.16666666666666666,0.37719298245614036,23.07017543859649,57.175438596491226,0.0,1.353960396039604,0.10074626865671642,78.88992537313433,1.5503731343283582,1.0485074626865671,0.4123134328358209,0.6361940298507462,1.3470149253731343,1.617537313432836,4.324626865671642,0.5597014925373134,0.30783582089552236,0.6399253731343284,1.617537313432836,0.055970149253731345,0.04291044776119403,0.005597014925373134,0.25,0.007462686567164179,0.055970149253731345,0.05970149253731343,0.19776119402985073,0.4832089552238806,0.12686567164179105,0.166044776119403,0.016791044776119403,0.0,0.08022388059701492,6.356343283582089,20.53171641791045,0.0,0.007462686567164179,1.514792899408284,MVVM,android-mvvm-architecture-master-2
6.224137931034483,8.241379310344827,2.0172413793103448,6.224137931034483,5.706896551724138,1.9310344827586208,0.1724137931034483,6.655172413793103,16.551724137931036,0.21297895120689653,0.11850170939655173,0.12457724244827587,4.431034482758621,0.3620689655172414,3.5344827586206895,0.6551724137931034,0.05172413793103448,0.1896551724137931,3.7758620689655173,0.0,0.0,0.0,1.2586206896551724,0.3275862068965517,0.46551724137931033,0.7758620689655172,0.0,0.017241379310344827,0.5517241379310345,0.0,0.603448275862069,25.086206896551722,1.8275862068965518,0.017241379310344827,0.4827586206896552,0.034482758620689655,0.13793103448275862,1.9310344827586208,0.25862068965517243,2.7586206896551726,0.22413793103448276,2.7413793103448274,0.6724137931034483,0.034482758620689655,0.1206896551724138,0.15517241379310345,21.396551724137932,55.98275862068966,0.05172413793103448,1.7846153846153847,0.10116731517509728,56.70038910505836,1.45136186770428,0.9610894941634242,0.4708171206225681,0.490272373540856,1.284046692607004,1.821011673151751,4.610894941634241,0.41245136186770426,0.3346303501945525,0.7782101167315175,1.821011673151751,0.1828793774319066,0.22568093385214008,0.0038910505836575876,0.10894941634241245,0.007782101167315175,0.0311284046692607,0.32684824902723736,0.058365758754863814,0.5019455252918288,0.05058365758754864,0.2490272373540856,0.007782101167315175,0.0,0.03501945525291829,6.610894941634241,1.793774319066148,0.011673151750972763,0.0,1.4090909090909092,MVVM,android-stocks-master
5.580645161290323,7.709677419354839,2.129032258064516,5.580645161290323,3.2903225806451615,1.3548387096774193,0.0967741935483871,4.806451612903226,3.225806451612903,0.16881720870967742,0.2849462367741935,0.2849462367741935,2.774193548387097,0.2903225806451613,1.7741935483870968,0.25806451612903225,0.3870967741935484,0.3548387096774194,2.5161290322580645,0.16129032258064516,0.0,0.0,1.0,0.03225806451612903,0.03225806451612903,0.7419354838709677,0.12903225806451613,0.0967741935483871,0.3870967741935484,0.0,0.3548387096774194,13.903225806451612,1.1290322580645162,0.0967741935483871,0.16129032258064516,0.06451612903225806,0.03225806451612903,0.2903225806451613,0.1935483870967742,1.4516129032258065,0.06451612903225806,1.5483870967741935,0.3870967741935484,0.0,0.03225806451612903,0.0967741935483871,13.193548387096774,133.1290322580645,0.0,1.5416666666666667,0.1744186046511628,22.953488372093023,2.0,1.2674418604651163,0.6046511627906976,0.6627906976744186,1.186046511627907,1.930232558139535,3.9302325581395348,0.4069767441860465,0.19767441860465115,0.5348837209302325,1.930232558139535,0.18604651162790697,0.19767441860465115,0.03488372093023256,0.05813953488372093,0.023255813953488372,0.011627906976744186,0.10465116279069768,0.05813953488372093,0.4418604651162791,0.023255813953488372,0.1744186046511628,0.0,0.0,0.03488372093023256,5.6976744186046515,61.75581395348837,0.0,0.0,1.3582089552238805,MVVM,android-template-master
5.268656716417911,6.791044776119403,1.5223880597014925,5.268656716417911,8.552238805970148,1.328358208955224,0.0,9.432835820895523,12.283582089552239,0.23885679164179105,0.08750895261194029,0.15193502441791043,4.223880597014926,0.4626865671641791,3.3134328358208953,0.4626865671641791,0.11940298507462686,0.3283582089552239,3.7611940298507465,0.0,0.0,0.11940298507462686,2.582089552238806,0.5522388059701493,0.19402985074626866,1.4776119402985075,0.0,0.9104477611940298,0.7611940298507462,0.0,1.0597014925373134,45.62686567164179,2.2388059701492535,0.4925373134328358,1.5522388059701493,0.417910447761194,0.4626865671641791,1.537313432835821,2.8805970149253732,8.134328358208956,1.7164179104477613,6.507462686567164,0.9552238805970149,0.2835820895522388,0.1791044776119403,0.0,33.92537313432836,1.7611940298507462,0.0,1.6649484536082475,0.09187279151943463,200.70318021201413,1.5865724381625441,1.7243816254416962,0.833922261484099,0.8904593639575972,2.0247349823321557,2.6537102473498235,8.441696113074205,0.5300353356890459,0.9293286219081273,1.176678445229682,2.6537102473498235,0.19081272084805653,0.1872791519434629,0.1166077738515901,0.3674911660777385,0.0989399293286219,0.10954063604240283,0.31095406360424027,0.5795053003533569,1.7667844522968197,0.3992932862190813,0.5618374558303887,0.05653710247349823,0.0,0.0,11.96113074204947,2.8975265017667846,0.0,0.12014134275618374,2.08562197092084,MVP,android-video-listing-mvp-master
5.6481876332622605,8.716417910447761,3.068230277185501,5.6481876332622605,12.697228144989339,2.1162046908315566,0.22281449893390193,9.347547974413645,36.646055437100216,0.27760645952025587,0.1267663920490405,0.16192503529850746,6.037313432835821,0.39552238805970147,5.0127931769722816,0.3390191897654584,0.6002132196162047,0.08528784648187633,5.722814498933902,0.302771855010661,0.3187633262260128,0.024520255863539446,2.8656716417910446,1.4712153518123667,1.1098081023454158,0.9307036247334755,0.4466950959488273,0.3784648187633262,1.8773987206823028,0.0,1.82409381663113,58.23560767590618,4.247334754797441,0.48720682302771856,2.7430703624733477,0.27292110874200426,1.3326226012793176,4.581023454157783,5.2164179104477615,9.743070362473347,2.00319829424307,6.664179104477612,1.0511727078891258,0.3272921108742004,0.21961620469083157,0.0,57.6183368869936,101.77398720682302,0.0,1.5224968877823226,0.10358775940907491,241.11572282799858,1.9518114667604642,3.6457966936334856,1.0867041857193105,2.5590925079141753,2.0946183608863875,2.146324305311291,7.813049595497714,0.7006683081252199,0.6192402391839607,1.2963418923672176,2.146324305311291,0.29722124516355963,0.3538515652479775,0.08037284558564896,0.4525149489975378,0.04502286317270489,0.2182553640520577,0.6778051354203306,0.6303200844178685,1.3258881463243053,0.3251846640872318,0.4964825888146324,0.0531129088990503,0.0,0.0,15.504924375659515,54.00597959901513,0.0,0.3237776996130848,2.0339775280898875,MVP,android-xbmcremote-master
3.2857142857142856,4.357142857142857,1.0714285714285714,3.2857142857142856,4.785714285714286,1.2857142857142858,0.0,5.571428571428571,3.0,0.18518519142857143,0.2922335607142857,0.33078231357142857,4.071428571428571,0.0,2.142857142857143,0.14285714285714285,0.35714285714285715,1.4285714285714286,3.9285714285714284,0.0,0.0,0.0,1.2142857142857142,0.0,0.0,1.0,0.0,0.21428571428571427,0.0,0.0,0.21428571428571427,19.571428571428573,0.6428571428571429,0.0,0.5,0.0,0.0,1.0714285714285714,0.6428571428571429,1.5,0.0,1.6428571428571428,0.35714285714285715,0.0,0.2857142857142857,0.2857142857142857,17.642857142857142,1.2142857142857142,0.0,1.5087719298245614,0.07017543859649122,44.14035087719298,0.9473684210526315,0.9824561403508771,0.47368421052631576,0.5087719298245614,1.1754385964912282,1.5964912280701755,3.7017543859649122,0.15789473684210525,0.10526315789473684,0.5087719298245614,1.5964912280701755,0.0,0.0,0.0,0.12280701754385964,0.0,0.0,0.2631578947368421,0.15789473684210525,0.3684210526315789,0.0,0.17543859649122806,0.0,0.0,0.07017543859649122,5.43859649122807,0.9473684210526315,0.0,0.0,1.2857142857142858,MVP,androidmvp-master
5.363636363636363,7.545454545454546,2.1818181818181817,5.363636363636363,10.242424242424242,1.6363636363636365,0.15151515151515152,11.545454545454545,9.181818181818182,0.39892376727272727,0.10663780784848485,0.1737854748181818,4.0606060606060606,1.0909090909090908,3.090909090909091,0.6363636363636364,0.3333333333333333,0.0,3.515151515151515,0.09090909090909091,0.0,0.0,2.606060606060606,1.7878787878787878,0.8181818181818182,1.4242424242424243,0.36363636363636365,0.0,0.9696969696969697,0.0,2.8181818181818183,44.333333333333336,2.6666666666666665,0.45454545454545453,2.0606060606060606,0.3939393939393939,0.3333333333333333,7.212121212121212,1.8181818181818181,11.666666666666666,1.9393939393939394,8.151515151515152,1.7575757575757576,0.09090909090909091,0.09090909090909091,0.0,37.121212121212125,63.09090909090909,0.0,1.455223880597015,0.072992700729927,82.05839416058394,1.72992700729927,2.0,0.9708029197080292,1.0291970802919708,2.4671532846715327,3.5036496350364965,9.489051094890511,0.6423357664233577,1.3357664233576643,1.197080291970803,3.5036496350364965,0.45255474452554745,0.6861313868613139,0.10948905109489052,0.49635036496350365,0.0948905109489051,0.08029197080291971,1.4963503649635037,0.36496350364963503,2.240875912408759,0.43795620437956206,0.8175182481751825,0.021897810218978103,0.0,0.0,11.824817518248175,26.072992700729927,0.0,0.0,2.453551912568306,NONE,androidwisprclient-master
4.837837837837838,5.891891891891892,1.054054054054054,4.837837837837838,15.162162162162161,1.4864864864864864,0.0,11.675675675675675,0.8108108108108109,0.16304638486486484,0.09586098567567566,0.14638882567567568,3.5675675675675675,0.08108108108108109,2.810810810810811,0.5135135135135135,0.10810810810810811,0.13513513513513514,3.054054054054054,0.0,0.0,0.0,3.5675675675675675,1.2702702702702702,0.5675675675675675,1.837837837837838,0.0,1.162162162162162,1.3783783783783783,0.0,0.9459459459459459,69.02702702702703,2.4054054054054053,0.21621621621621623,5.486486486486487,0.1891891891891892,4.486486486486487,7.891891891891892,9.783783783783784,14.432432432432432,3.108108108108108,9.08108108108108,1.3783783783783783,0.4594594594594595,0.32432432432432434,0.0,64.1891891891892,0.8108108108108109,0.0,1.7671840354767183,0.06060606060606061,760.1818181818181,2.007575757575758,4.295454545454546,1.378787878787879,2.9166666666666665,4.25,4.5606060606060606,15.015151515151516,0.6742424242424242,1.4924242424242424,1.2348484848484849,4.5606060606060606,0.4621212121212121,0.6590909090909091,0.06060606060606061,1.5378787878787878,0.05303030303030303,1.2575757575757576,2.0984848484848486,2.4015151515151514,3.5303030303030303,0.8712121212121212,1.0227272727272727,0.12878787878787878,0.0,0.0,28.954545454545453,1.378787878787879,0.0,0.5303030303030303,2.6565934065934065,NONE,anstop-anstop-v1_x-maint
5.178571428571429,7.464285714285714,2.2857142857142856,5.178571428571429,5.321428571428571,1.1785714285714286,0.0,6.357142857142857,1.5,0.18694373678571427,0.2301020410714286,0.25221088392857144,3.1785714285714284,0.25,2.4642857142857144,0.14285714285714285,0.21428571428571427,0.35714285714285715,3.0357142857142856,0.0,0.0,0.0,2.25,0.17857142857142858,0.9642857142857143,1.0714285714285714,0.0,0.21428571428571427,0.14285714285714285,0.0,0.39285714285714285,25.464285714285715,1.7857142857142858,0.03571428571428571,2.107142857142857,0.0,0.6785714285714286,0.8928571428571429,1.75,4.75,1.4642857142857142,3.5357142857142856,0.35714285714285715,0.32142857142857145,0.10714285714285714,0.0,18.857142857142858,0.6071428571428571,0.0,1.4634146341463414,0.07865168539325842,51.78651685393258,1.7865168539325842,1.6067415730337078,0.7640449438202247,0.8426966292134831,1.6741573033707866,2.4157303370786516,6.089887640449438,0.5617977528089888,0.4044943820224719,0.7303370786516854,2.4157303370786516,0.056179775280898875,0.06741573033707865,0.011235955056179775,0.6629213483146067,0.0,0.21348314606741572,0.2247191011235955,0.5280898876404494,1.4269662921348314,0.4606741573033708,0.14606741573033707,0.06741573033707865,0.0,0.0,7.449438202247191,1.7640449438202248,0.0,0.0,2.594059405940594,MVP,archi-mvp
6.217391304347826,8.565217391304348,2.347826086956522,6.217391304347826,7.391304347826087,1.2608695652173914,0.0,8.217391304347826,1.6521739130434783,0.22592090260869566,0.32077295130434785,0.3498619743478262,4.608695652173913,0.34782608695652173,3.9130434782608696,0.21739130434782608,0.2608695652173913,0.21739130434782608,4.391304347826087,0.0,0.0,0.0,2.652173913043478,0.21739130434782608,1.3043478260869565,0.8695652173913043,0.0,0.4782608695652174,0.2608695652173913,0.0,0.5652173913043478,33.130434782608695,2.608695652173913,0.043478260869565216,2.608695652173913,0.0,0.8260869565217391,1.1304347826086956,2.347826086956522,6.869565217391305,1.7826086956521738,4.826086956521739,0.43478260869565216,0.21739130434782608,0.13043478260869565,0.0,24.52173913043478,0.8695652173913043,0.0,1.5294117647058822,0.09433962264150944,55.10377358490566,1.650943396226415,1.5660377358490567,0.7735849056603774,0.7924528301886793,1.6037735849056605,2.2169811320754715,5.80188679245283,0.5660377358490566,0.4716981132075472,0.6132075471698113,2.2169811320754715,0.0660377358490566,0.07547169811320754,0.009433962264150943,0.5660377358490566,0.0,0.1792452830188679,0.19811320754716982,0.4811320754716981,1.4433962264150944,0.3867924528301887,0.1320754716981132,0.02830188679245283,0.0,0.0,7.5,1.7735849056603774,0.0,0.0,2.391304347826087,MVVM,archi-mvvm
4.529411764705882,5.470588235294118,0.9411764705882353,4.529411764705882,5.588235294117647,1.2941176470588236,0.0,10.117647058823529,4.588235294117647,0.1947100388235294,0.10392157,0.11176470647058824,2.8823529411764706,0.058823529411764705,1.8235294117647058,0.8823529411764706,0.17647058823529413,0.0,2.0,0.0,0.0,0.0,1.7647058823529411,1.0,0.23529411764705882,1.5294117647058822,0.0,0.0,1.1176470588235294,0.0,0.8823529411764706,41.529411764705884,0.8235294117647058,0.47058823529411764,1.411764705882353,0.4117647058823529,0.058823529411764705,5.764705882352941,2.4705882352941178,6.294117647058823,1.1176470588235294,5.470588235294118,0.8823529411764706,0.6470588235294118,0.058823529411764705,0.0,32.0,0.17647058823529413,0.0,1.7169811320754718,0.04081632653061224,180.9591836734694,1.6938775510204083,1.6122448979591837,0.6122448979591837,1.0,1.9387755102040816,4.122448979591836,11.326530612244898,0.2857142857142857,1.2857142857142858,0.7551020408163265,4.122448979591836,0.24489795918367346,0.1836734693877551,0.16326530612244897,0.4897959183673469,0.14285714285714285,0.02040816326530612,1.7551020408163265,0.8163265306122449,1.816326530612245,0.3877551020408163,0.673469387755102,0.20408163265306123,0.0,0.0,15.26530612244898,1.653061224489796,0.0,0.10204081632653061,1.6542056074766356,NONE,baby-sleep-sounds-master
5.78,7.22,1.44,5.78,7.36,1.6,0.0,8.82,6.5,0.2578357168,0.09557142906,0.11019047706,3.4,0.78,2.7,0.44,0.2,0.06,2.98,0.0,0.0,0.0,1.46,0.68,0.46,0.84,0.0,0.16,0.74,0.0,2.66,38.62,1.94,0.4,1.16,0.52,0.14,3.1,1.42,6.9,1.4,5.84,1.02,0.24,0.16,0.0,35.1,1.18,0.0,1.4655172413793103,0.1111111111111111,103.44444444444444,2.3391812865497075,1.6608187134502923,0.7777777777777778,0.8830409356725146,2.152046783625731,3.3333333333333335,9.567251461988304,0.5672514619883041,1.280701754385965,1.5614035087719298,3.3333333333333335,0.2222222222222222,0.23976608187134502,0.11695906432748537,0.3391812865497076,0.15204678362573099,0.04093567251461988,0.7485380116959064,0.3216374269005848,1.760233918128655,0.3567251461988304,0.6491228070175439,0.05847953216374269,0.0,0.0,12.818713450292398,3.152046783625731,0.0,0.23976608187134502,1.8212180746561886,MVC,birthday-calendar-master
4.621951219512195,6.676829268292683,2.0548780487804876,4.621951219512195,6.560975609756097,1.170731707317073,0.006097560975609756,7.201219512195122,12.115853658536585,0.19214404030487808,0.03983051982317075,0.05508619579878049,3.4878048780487805,0.31097560975609756,2.5609756097560976,0.38414634146341464,0.04878048780487805,0.49390243902439024,3.1036585365853657,0.042682926829268296,0.0,0.0,1.1829268292682926,0.12804878048780488,0.10365853658536585,0.975609756097561,0.0,0.10365853658536585,0.4268292682926829,0.0,1.9329268292682926,34.859756097560975,1.7926829268292683,0.2682926829268293,1.0670731707317074,0.04878048780487805,0.4878048780487805,3.731707317073171,4.2073170731707314,6.634146341463414,1.7560975609756098,5.121951219512195,0.6097560975609756,0.38414634146341464,0.13414634146341464,0.0,25.829268292682926,6.878048780487805,0.0,1.8975501113585747,0.09090909090909091,124.33391608391608,1.9038461538461537,2.1853146853146854,0.916083916083916,1.2692307692307692,1.881118881118881,2.791958041958042,8.435314685314685,0.513986013986014,1.1293706293706294,1.006993006993007,2.791958041958042,0.16958041958041958,0.18181818181818182,0.07692307692307693,0.30594405594405594,0.013986013986013986,0.13986013986013987,1.0576923076923077,1.1625874125874125,1.8234265734265733,0.493006993006993,0.33916083916083917,0.09615384615384616,0.0,0.0,10.767482517482517,14.255244755244755,0.0,0.2062937062937063,2.277465918203689,MVC,blooddonation
4.25,4.375,0.125,4.25,2.875,1.375,0.0,7.5,2.25,0.0982142875,0.01785714375,0.01785714375,2.0,0.0,1.75,0.0,0.25,0.0,2.0,0.0,0.0,0.0,1.0,0.625,0.0,0.0,0.0,1.0,0.625,0.0,0.75,25.75,0.875,0.0,0.375,0.125,0.75,1.5,2.125,4.5,1.125,4.25,0.75,0.625,0.0,0.0,23.375,-0.25,0.0,1.7,0.0625,80.3125,2.125,0.0,0.0,0.0,1.4375,3.875,11.375,0.4375,1.625,1.75,3.875,0.0,0.0,0.0,0.1875,0.0625,0.375,0.375,1.0625,1.875,0.5,0.375,0.3125,0.0,0.0,13.3125,1.375,0.0,0.0,1.2363636363636363,NONE,calendar-color-master
3.0,3.2,0.2,3.0,1.8,1.4,0.0,6.4,0.0,0.0,0.0,0.0,1.0,0.2,0.8,0.0,0.2,0.0,1.0,0.0,0.0,0.0,0.4,0.0,0.0,0.4,0.0,0.0,0.0,0.0,0.2,21.8,0.2,0.2,0.2,0.2,0.0,0.4,0.6,3.6,0.0,2.6,0.6,0.4,0.0,0.0,27.0,0.2,0.0,2.5,0.0,54.2,2.6,0.4,0.2,0.2,1.8,6.4,19.4,0.2,2.2,1.4,6.4,0.0,0.0,0.2,0.2,0.2,0.0,0.4,0.6,3.6,0.0,0.6,0.4,0.0,0.0,27.8,3.2,0.0,0.4,1.9473684210526316,NONE,calendar-contacts-shortcuts-master
3.6,4.866666666666666,1.2666666666666666,3.6,4.466666666666667,1.2666666666666666,0.0,7.2,1.4,0.20285714666666665,0.14000000266666665,0.16222222266666667,2.466666666666667,0.6,1.6,0.6,0.26666666666666666,0.0,1.8666666666666667,0.0,0.0,0.06666666666666667,2.066666666666667,0.8666666666666667,0.4666666666666667,1.6,0.0,0.0,1.5333333333333334,0.0,1.4,27.0,0.8666666666666667,0.3333333333333333,0.6666666666666666,0.4,0.0,3.2,1.2666666666666666,6.133333333333334,0.5333333333333333,5.133333333333334,0.6,0.2,0.13333333333333333,0.0,28.133333333333333,1.1333333333333333,0.0,1.3958333333333333,0.10810810810810811,63.91891891891892,1.6216216216216217,1.5945945945945945,0.7567567567567568,0.8378378378378378,1.8108108108108107,3.1621621621621623,8.81081081081081,0.35135135135135137,1.2432432432432432,1.3783783783783783,3.1621621621621623,0.21621621621621623,0.2702702702702703,0.13513513513513514,0.2702702702702703,0.16216216216216217,0.0,0.918918918918919,0.35135135135135137,1.9189189189189189,0.21621621621621623,0.43243243243243246,0.08108108108108109,0.0,0.0,10.91891891891892,4.378378378378378,0.0,0.0,1.796116504854369,MVC,cat-avatar-generator-app-master
8.571428571428571,10.428571428571429,1.8571428571428572,8.571428571428571,17.714285714285715,1.5714285714285714,0.14285714285714285,23.761904761904763,135.23809523809524,0.3261540576190476,0.1850355302857143,0.20936005171428573,10.428571428571429,0.3333333333333333,9.714285714285714,0.42857142857142855,0.23809523809523808,0.047619047619047616,10.0,0.0,0.0,0.0,2.3333333333333335,1.0952380952380953,1.1904761904761905,0.42857142857142855,0.47619047619047616,0.23809523809523808,1.1428571428571428,0.0,2.3333333333333335,75.38095238095238,6.904761904761905,0.6666666666666666,1.4761904761904763,0.8571428571428571,1.619047619047619,11.571428571428571,4.190476190476191,10.333333333333334,2.0952380952380953,7.9523809523809526,1.2857142857142858,0.23809523809523808,0.19047619047619047,0.0,49.857142857142854,1.619047619047619,0.0,1.624,0.0502283105022831,192.45662100456622,2.041095890410959,2.4566210045662102,1.2237442922374429,1.2328767123287672,1.6986301369863013,3.4657534246575343,6.19634703196347,0.6621004566210046,0.5388127853881278,1.5022831050228311,3.4657534246575343,0.684931506849315,0.6575342465753424,0.0639269406392694,0.1415525114155251,0.0821917808219178,0.1552511415525114,0.8812785388127854,0.4018264840182648,0.8858447488584474,0.2009132420091324,0.3287671232876712,0.0091324200913242,0.0,0.0,9.210045662100457,1.360730593607306,0.0,0.0182648401826484,1.6609442060085837,NONE,cherrymusic-android-master
4.739130434782608,6.086956521739131,1.3478260869565217,4.739130434782608,9.652173913043478,1.434782608695652,0.043478260869565216,10.565217391304348,14.652173913043478,0.3207022030434783,0.12291235608695651,0.1443064204347826,5.130434782608695,0.5217391304347826,3.8260869565217392,0.5217391304347826,0.782608695652174,0.0,4.608695652173913,0.0,0.0,0.0,2.217391304347826,1.4782608695652173,0.7391304347826086,1.391304347826087,0.08695652173913043,0.0,1.391304347826087,0.0,3.4347826086956523,41.17391304347826,3.217391304347826,0.30434782608695654,0.6086956521739131,0.0,0.5652173913043478,5.173913043478261,7.565217391304348,8.478260869565217,2.0434782608695654,7.260869565217392,0.782608695652174,0.4782608695652174,0.0,0.0,29.391304347826086,0.043478260869565216,0.0,1.6224489795918366,0.059322033898305086,98.16949152542372,1.576271186440678,2.0254237288135593,1.0,1.0254237288135593,1.88135593220339,3.093220338983051,7.203389830508475,0.6271186440677966,0.9491525423728814,0.7627118644067796,3.093220338983051,0.2966101694915254,0.3983050847457627,0.059322033898305086,0.11864406779661017,0.0,0.11016949152542373,0.8050847457627118,1.423728813559322,1.3305084745762712,0.3983050847457627,0.3474576271186441,0.09322033898305085,0.0,0.0,10.788135593220339,2.3728813559322033,0.0,0.00847457627118644,1.9547738693467336,MVC,chibe-master
4.264705882352941,6.205882352941177,1.9411764705882353,4.264705882352941,6.088235294117647,1.3529411764705883,0.029411764705882353,8.794117647058824,18.705882352941178,0.2718010029411765,0.10049488058823529,0.13936092617647058,4.0588235294117645,0.6470588235294118,3.6470588235294117,0.23529411764705882,0.17647058823529413,0.0,3.823529411764706,0.058823529411764705,0.0,0.0,3.411764705882353,1.7352941176470589,1.3823529411764706,1.4411764705882353,0.0,0.5882352941176471,1.6764705882352942,0.0,1.2058823529411764,32.73529411764706,2.0,0.23529411764705882,1.1764705882352942,0.14705882352941177,0.17647058823529413,3.735294117647059,1.3529411764705883,5.705882352941177,0.9117647058823529,5.764705882352941,0.6764705882352942,0.29411764705882354,0.029411764705882353,0.0,28.352941176470587,30.764705882352942,0.0,1.5048076923076923,0.07246376811594203,70.35507246376811,1.2246376811594204,2.9130434782608696,1.065217391304348,1.8478260869565217,1.5,2.579710144927536,6.702898550724638,0.4927536231884058,0.5797101449275363,0.8695652173913043,2.579710144927536,0.08695652173913043,0.057971014492753624,0.057971014492753624,0.2898550724637681,0.036231884057971016,0.043478260869565216,0.4927536231884058,0.2463768115942029,0.9637681159420289,0.21014492753623187,0.26811594202898553,0.07246376811594203,0.0,0.0,8.210144927536232,17.304347826086957,0.0,0.0,2.1159420289855073,MVC,clear-weather-android-master
6.6,8.95,2.35,6.6,8.95,1.45,0.0,14.075,14.55,0.29988787975000003,0.013450855800000005,0.04646270300000001,4.75,0.575,2.775,1.275,0.275,0.425,3.475,0.0,0.0,0.0,2.325,1.35,0.525,1.8,0.0,0.0,1.525,0.0,3.45,45.325,1.525,0.425,1.925,0.225,0.2,4.25,1.2,8.075,1.05,7.425,0.875,0.375,0.125,0.0,35.525,0.625,0.0,1.5360824742268042,0.05789473684210526,150.8578947368421,2.057894736842105,2.694736842105263,1.268421052631579,1.4263157894736842,1.8842105263157896,3.9368421052631577,7.831578947368421,0.32105263157894737,1.0736842105263158,0.7736842105263158,3.9368421052631577,0.3631578947368421,0.4263157894736842,0.08947368421052632,0.4052631578947368,0.04736842105263158,0.042105263157894736,0.7,0.22105263157894736,1.4157894736842105,0.21578947368421053,0.5368421052631579,0.06842105263157895,0.0,0.0,11.08421052631579,2.3210526315789473,0.0,0.10526315789473684,1.6380697050938338,MVP,client-android-master
6.368421052631579,7.631578947368421,1.263157894736842,6.368421052631579,25.157894736842106,1.8421052631578947,0.0,18.105263157894736,26.473684210526315,0.44463049000000004,0.3037272047368421,0.43055266894736843,6.2105263157894735,0.2631578947368421,4.631578947368421,0.10526315789473684,0.47368421052631576,1.0,6.157894736842105,0.0,0.0,0.0,6.315789473684211,2.0526315789473686,1.3157894736842106,0.47368421052631576,0.0,4.526315789473684,2.0526315789473686,0.0,4.473684210526316,109.42105263157895,3.3684210526315788,0.9473684210526315,8.368421052631579,0.15789473684210525,6.631578947368421,12.421052631578947,15.210526315789474,23.0,7.473684210526316,13.631578947368421,2.5789473684210527,0.05263157894736842,0.42105263157894735,0.0,48.89473684210526,1.2105263157894737,0.0,2.172932330827068,0.1092436974789916,417.5882352941176,1.3025210084033614,2.0252100840336134,1.0084033613445378,1.0168067226890756,4.016806722689076,3.672268907563025,10.512605042016807,0.5378151260504201,0.9747899159663865,1.0924369747899159,3.672268907563025,0.42016806722689076,0.47058823529411764,0.15126050420168066,1.3361344537815125,0.025210084033613446,1.0588235294117647,1.7563025210084033,2.1260504201680672,3.1092436974789917,1.1932773109243697,1.0420168067226891,0.0,0.0,0.0,11.663865546218487,7.932773109243698,0.0,0.0,3.3012048192771086,NONE,compass-keyboard-master
5.303030303030303,7.090909090909091,1.7878787878787878,5.303030303030303,7.878787878787879,1.2727272727272727,0.0,12.636363636363637,4.0,0.19181248454545452,0.2096571787878788,0.22196204575757575,3.0606060606060606,0.06060606060606061,2.5454545454545454,0.24242424242424243,0.18181818181818182,0.09090909090909091,2.8181818181818183,0.0,0.0,0.0,2.6666666666666665,0.09090909090909091,0.45454545454545453,1.6666666666666667,0.0,0.5454545454545454,0.7878787878787878,0.0,0.7878787878787878,48.696969696969695,2.3333333333333335,0.8181818181818182,1.606060606060606,0.30303030303030304,0.15151515151515152,5.0606060606060606,5.0606060606060606,12.757575757575758,2.303030303030303,10.363636363636363,1.5151515151515151,0.42424242424242425,0.12121212121212122,0.0,28.181818181818183,0.15151515151515152,0.0,2.234042553191489,0.07920792079207921,134.84158415841586,2.01980198019802,2.3267326732673266,1.0297029702970297,1.297029702970297,2.5742574257425743,4.584158415841584,13.534653465346535,0.7623762376237624,2.514851485148515,1.3564356435643565,4.584158415841584,0.1485148514851485,0.12871287128712872,0.26732673267326734,0.5247524752475248,0.09900990099009901,0.04950495049504951,1.4257425742574257,1.5346534653465347,3.772277227722772,0.7227722772277227,0.8415841584158416,0.13861386138613863,0.0,0.0,11.801980198019802,1.386138613861386,0.0,0.0,2.298429319371728,MVC,debDroid-master
6.148760330578512,7.68595041322314,1.537190082644628,6.148760330578512,12.057851239669422,2.0330578512396693,0.049586776859504134,12.884297520661157,16.272727272727273,0.28302339223140494,0.09476537079338844,0.12552885112396692,4.950413223140496,0.15702479338842976,3.0,1.0991735537190082,0.0743801652892562,0.7768595041322314,3.8512396694214877,0.049586776859504134,0.0,0.0,2.7107438016528924,0.9090909090909091,0.32231404958677684,2.206611570247934,0.11570247933884298,0.06611570247933884,1.6528925619834711,0.0,0.8181818181818182,61.603305785123965,4.305785123966942,0.5867768595041323,3.0661157024793386,0.6528925619834711,0.4297520661157025,2.793388429752066,2.5950413223140494,11.479338842975206,1.3636363636363635,9.768595041322314,1.140495867768595,0.049586776859504134,0.5950413223140496,0.4793388429752066,67.62809917355372,37.12396694214876,0.0,1.6380449141347424,0.10350584307178631,367.46410684474125,1.9282136894824708,2.629382303839733,1.2504173622704509,1.3789649415692822,2.4357262103505843,3.4323873121869783,8.913188647746244,0.8697829716193656,1.4173622704507514,0.8764607679465777,3.4323873121869783,0.41068447412353926,0.5809682804674458,0.11853088480801335,0.6193656093489148,0.1318864774624374,0.08681135225375626,0.39065108514190316,0.4507512520868113,1.9682804674457428,0.27545909849749584,0.7145242070116862,0.00667779632721202,0.0,0.08848080133555926,20.68948247078464,11.621035058430717,0.0,0.48414023372287146,2.1093969144460027,MVC,debatekeeper-master
2.4285714285714284,2.857142857142857,0.42857142857142855,2.4285714285714284,13.285714285714286,1.2857142857142858,0.0,12.714285714285714,73.28571428571429,0.12773109285714285,0.034013605714285716,0.04081632857142857,5.714285714285714,1.1428571428571428,1.4285714285714286,3.857142857142857,0.42857142857142855,0.0,1.8571428571428572,0.0,0.0,0.0,0.7142857142857143,0.14285714285714285,0.0,0.7142857142857143,0.0,0.0,0.14285714285714285,0.0,4.142857142857143,43.0,6.0,1.0,3.2857142857142856,0.2857142857142857,1.4285714285714286,2.5714285714285716,4.428571428571429,6.571428571428571,0.8571428571428571,5.142857142857143,0.5714285714285714,0.7142857142857143,0.0,0.0,20.857142857142858,-0.42857142857142855,0.0,1.9411764705882353,0.0,201.9,1.0,2.55,1.225,1.325,2.325,3.125,7.05,1.05,0.775,1.35,3.125,1.2,3.8,0.175,0.575,0.05,0.25,0.45,0.75,1.125,0.15,0.725,0.125,0.0,0.0,9.025,3.5,0.0,0.0,1.913978494623656,NONE,diary-1.0
6.365591397849462,9.17741935483871,2.8118279569892475,6.365591397849462,7.360215053763441,1.2903225806451613,0.05913978494623656,11.021505376344086,8.553763440860216,0.2429919927204301,0.13860267729032258,0.1623187836344086,4.026881720430108,0.23118279569892472,3.78494623655914,0.06989247311827956,0.10215053763440861,0.06989247311827956,3.9623655913978495,0.016129032258064516,0.0,0.0,1.924731182795699,0.5913978494623656,0.43010752688172044,1.1559139784946237,0.010752688172043012,0.3279569892473118,0.46236559139784944,0.0,1.413978494623656,42.204301075268816,2.1236559139784945,0.3172043010752688,1.0161290322580645,0.25806451612903225,0.15053763440860216,4.268817204301075,1.2741935483870968,6.973118279569892,0.45161290322580644,6.086021505376344,0.9086021505376344,0.532258064516129,0.016129032258064516,0.0,25.602150537634408,10.935483870967742,0.0,1.649932157394844,0.07333333333333333,100.67466666666667,2.168,7.248,1.2906666666666666,5.957333333333334,1.8253333333333333,3.2133333333333334,9.212,0.5266666666666666,1.032,1.1693333333333333,3.2133333333333334,0.084,0.07466666666666667,0.07866666666666666,0.252,0.064,0.037333333333333336,0.9666666666666667,0.272,1.524,0.112,0.42533333333333334,0.11466666666666667,0.0,0.0,10.049333333333333,5.64,0.0,0.042666666666666665,1.8990133488102148,MVC,digitalocean-swimmer-master
6.734597156398104,9.14691943127962,2.4123222748815167,6.734597156398104,12.402843601895734,1.7488151658767772,0.1848341232227488,13.90521327014218,51.70616113744076,0.2087116872037915,0.11946069967393363,0.1574207968966825,4.672985781990521,0.5118483412322274,3.4834123222748814,0.5734597156398105,0.43601895734597157,0.18009478672985782,4.109004739336493,0.018957345971563982,0.04265402843601896,0.0,4.0947867298578196,1.7156398104265402,1.4218009478672986,2.156398104265403,0.22748815165876776,0.2890995260663507,2.0995260663507107,0.0,2.3696682464454977,70.99526066350711,3.4312796208530805,0.3175355450236967,2.3838862559241707,0.5592417061611374,0.3033175355450237,5.639810426540285,2.919431279620853,12.644549763033176,1.3412322274881516,8.786729857819905,1.1753554502369667,0.4597156398104265,0.22274881516587677,0.0,40.91469194312796,30.639810426540283,0.0,1.7577597840755737,0.0951417004048583,456.1811740890688,1.9493927125506072,3.380566801619433,1.3502024291497976,2.0303643724696356,2.6487854251012144,3.7540485829959516,11.20242914979757,0.7327935222672065,0.9919028340080972,1.1204453441295548,3.7540485829959516,0.2479757085020243,0.16093117408906882,0.06781376518218624,0.5091093117408907,0.1194331983805668,0.06477732793522267,0.8805668016194332,0.5131578947368421,2.0799595141700404,0.27631578947368424,0.6751012145748988,0.07591093117408906,0.0,0.0,13.115384615384615,6.543522267206478,0.0,0.09817813765182186,2.457456541628545,MVC,diode-master
6.6,7.5,0.9,6.6,22.6,1.5,0.0,18.0,29.0,0.403529083,0.027357610999999997,0.039729226,5.8,0.1,3.7,1.8,0.2,0.1,4.0,0.0,0.0,0.0,7.4,3.7,2.8,4.4,0.0,0.2,4.0,0.0,1.3,102.9,2.9,1.1,5.4,0.3,1.4,18.8,7.5,19.9,1.4,13.1,1.5,0.5,0.0,0.0,68.4,0.0,0.0,2.452991452991453,0.08620689655172414,312.6896551724138,1.5517241379310345,1.8275862068965518,0.9137931034482759,0.9137931034482759,3.896551724137931,3.913793103448276,14.982758620689655,0.5,0.9827586206896551,1.0172413793103448,3.913793103448276,0.6551724137931034,0.5862068965517241,0.1896551724137931,0.9310344827586207,0.05172413793103448,0.2413793103448276,3.0,0.8620689655172413,2.603448275862069,0.22413793103448276,0.7931034482758621,0.06896551724137931,0.0,0.0,18.379310344827587,1.5344827586206897,0.0,0.22413793103448276,2.3114754098360657,NONE,dotdash-keyboard-android-master
4.875,6.1875,1.3125,4.875,6.666666666666667,1.5833333333333333,0.0625,9.666666666666666,6.9375,0.2251834835416667,0.07371031979166666,0.11553406229166667,3.6875,0.1875,2.7708333333333335,0.3125,0.5833333333333334,0.020833333333333332,3.375,0.0625,0.0,0.0,1.9791666666666667,0.22916666666666666,0.0625,1.8125,0.0,0.10416666666666667,0.5,0.0,0.8541666666666666,37.333333333333336,1.75,0.14583333333333334,1.2291666666666667,0.3541666666666667,0.6041666666666666,4.229166666666667,3.6041666666666665,6.083333333333333,1.4583333333333333,5.083333333333333,0.6041666666666666,0.375,0.20833333333333334,0.0,25.916666666666668,44.166666666666664,0.0,1.8106995884773662,0.14124293785310735,107.28248587570621,2.0338983050847457,2.2768361581920904,1.0903954802259888,1.1864406779661016,1.807909604519774,3.7570621468926553,8.480225988700566,0.4745762711864407,0.8361581920903954,0.8926553672316384,3.7570621468926553,0.2655367231638418,0.2768361581920904,0.03954802259887006,0.3333333333333333,0.096045197740113,0.1638418079096045,1.1073446327683616,0.96045197740113,1.5819209039548023,0.3954802259887006,0.3728813559322034,0.1016949152542373,0.0,0.0,10.338983050847459,19.316384180790962,0.0,0.011299435028248588,2.1316614420062696,MVC,freeotp-android-master
4.647058823529412,6.176470588235294,1.5294117647058822,4.647058823529412,2.676470588235294,1.2352941176470589,0.0,3.1470588235294117,1.5,0.17251400647058823,0.06666666764705882,0.07941176470588235,2.088235294117647,0.11764705882352941,1.5,0.14705882352941177,0.029411764705882353,0.4117647058823529,1.9705882352941178,0.08823529411764706,0.0,0.0,2.235294117647059,0.11764705882352941,1.6470588235294117,0.38235294117647056,0.0,0.20588235294117646,0.3235294117647059,0.0,0.14705882352941177,15.176470588235293,0.5882352941176471,0.029411764705882353,0.2647058823529412,0.058823529411764705,0.058823529411764705,0.47058823529411764,0.17647058823529413,1.0294117647058822,0.08823529411764706,2.676470588235294,0.38235294117647056,0.23529411764705882,0.08823529411764706,0.08823529411764706,15.794117647058824,60.88235294117647,0.0,2.0,0.125,37.81944444444444,2.111111111111111,0.5555555555555556,0.2638888888888889,0.2916666666666667,1.2638888888888888,1.625,4.875,0.2777777777777778,0.20833333333333334,0.9861111111111112,1.625,0.027777777777777776,0.027777777777777776,0.013888888888888888,0.125,0.027777777777777776,0.027777777777777776,0.18055555555555555,0.08333333333333333,0.3888888888888889,0.041666666666666664,0.18055555555555555,0.09722222222222222,0.0,0.041666666666666664,7.555555555555555,44.013888888888886,0.0,0.041666666666666664,1.1348314606741574,NONE,mvvm-sample-app-master
4.321428571428571,6.091836734693878,1.7704081632653061,4.321428571428571,4.581632653061225,1.3928571428571428,0.05102040816326531,4.270408163265306,13.306122448979592,0.1818321517857143,-0.1471936232244898,-0.13316668099489795,3.816326530612245,0.16326530612244897,2.8214285714285716,0.336734693877551,0.14795918367346939,0.5102040816326531,3.479591836734694,0.07653061224489796,0.0,0.0,1.0204081632653061,0.1836734693877551,0.11224489795918367,0.8469387755102041,0.00510204081632653,0.05612244897959184,0.20918367346938777,0.0,0.22959183673469388,20.413265306122447,1.4795918367346939,0.0663265306122449,0.5204081632653061,0.015306122448979591,0.03571428571428571,0.2755102040816326,0.45408163265306123,1.7908163265306123,0.1377551020408163,1.5612244897959184,0.3469387755102041,0.21428571428571427,0.25510204081632654,0.0,17.540816326530614,47.683673469387756,0.0,1.5743380855397149,0.06417112299465241,65.94117647058823,1.5427807486631016,1.5120320855614973,0.5748663101604278,0.9371657754010695,1.2005347593582887,1.3796791443850267,4.168449197860962,0.3877005347593583,0.14171122994652408,0.6042780748663101,1.3796791443850267,0.10160427807486631,0.07754010695187166,0.017379679144385027,0.13636363636363635,0.004010695187165776,0.009358288770053475,0.058823529411764705,0.10427807486631016,0.42112299465240643,0.03609625668449198,0.1483957219251337,0.0481283422459893,0.0,0.0,6.609625668449198,21.947860962566846,0.0,0.001336898395721925,1.3333333333333333,MVP,nongbeer-mvp-android-demo-master
4.222222222222222,5.777777777777778,1.5555555555555556,4.222222222222222,5.0,1.7777777777777777,0.3333333333333333,8.777777777777779,1.4444444444444444,0.23055555555555557,0.011111111111111112,0.011111111111111112,2.2222222222222223,0.2222222222222222,1.1111111111111112,0.5555555555555556,0.5555555555555556,0.0,1.8888888888888888,0.1111111111111111,0.1111111111111111,0.0,1.7777777777777777,1.4444444444444444,0.1111111111111111,1.5555555555555556,0.1111111111111111,0.0,1.5555555555555556,0.0,1.2222222222222223,23.77777777777778,1.5555555555555556,0.3333333333333333,0.3333333333333333,0.0,0.1111111111111111,39.77777777777778,3.3333333333333335,5.222222222222222,0.8888888888888888,4.333333333333333,1.5555555555555556,0.1111111111111111,0.0,0.0,28.22222222222222,114.55555555555556,0.0,1.1176470588235294,0.045454545454545456,54.77272727272727,1.5454545454545454,1.2727272727272727,0.45454545454545453,0.8181818181818182,2.0454545454545454,3.8636363636363638,8.181818181818182,0.6363636363636364,1.0454545454545454,0.7727272727272727,3.8636363636363638,0.2727272727272727,0.2727272727272727,0.13636363636363635,0.13636363636363635,0.0,0.045454545454545456,0.5909090909090909,1.1363636363636365,1.4545454545454546,0.2727272727272727,0.7727272727272727,0.045454545454545456,0.0,0.0,10.409090909090908,50.54545454545455,0.0,0.0,1.8095238095238095,MVC,yubiclip-android-master
4.48155737704918,5.684426229508197,1.2028688524590163,4.48155737704918,15.762295081967213,1.3627049180327868,0.05942622950819672,10.85860655737705,62.170081967213115,0.2106492318545082,0.08592265525819673,0.1179561666045082,4.747950819672131,0.9282786885245902,3.555327868852459,0.39344262295081966,0.24795081967213115,0.5512295081967213,4.364754098360656,0.09016393442622951,0.004098360655737705,0.022540983606557378,4.963114754098361,2.3422131147540983,0.8340163934426229,1.415983606557377,0.10245901639344263,2.610655737704918,1.0655737704918034,0.0,5.795081967213115,103.77049180327869,2.348360655737705,0.8299180327868853,3.362704918032787,2.2581967213114753,3.4385245901639343,25.625,15.192622950819672,22.53073770491803,8.0,12.719262295081966,1.4385245901639345,0.45286885245901637,0.22131147540983606,0.0,45.70286885245902,28.829918032786885,0.0,2.234795321637427,0.082687338501292,1909.896210163652,1.7088716623600344,3.7635658914728682,0.859603789836348,2.90396210163652,3.3122308354866496,3.437123169681309,17.67743324720069,0.4935400516795866,1.6253229974160206,1.2286821705426356,3.437123169681309,0.31826012058570197,0.44659776055124895,0.1744186046511628,0.7067183462532299,0.47459086993970717,0.7204995693367786,4.645994832041343,2.689061154177433,3.9689922480620154,1.6679586563307494,0.8290267011197244,0.08010335917312661,0.0012919896640826874,0.0,16.450473729543496,24.252799310938848,0.0,0.16236003445305772,3.188069965615189,MVC,zanavi-master
